編號,土地區段位置,土地移轉面積(平方公尺),使用分區或編定,權利人持分分母,權利人持分分子,移轉情形
The serial number,land sector position,land shifting area square meter,the use zoning or compiles and checks,,,
RPXPMLOLLHGGFAA87DA,政大段三小段,48.00,都市：其他:第三種住宅區。,2,1,持分移轉
RPXPMLOLLHGGFAA87DA,政大段三小段,79.00,都市：其他:第三種住宅區。,2,1,持分移轉
RPXPMLOLLHGGFAA87DA,政大段三小段,32.50,都市：其他:第三種住宅區。,2,1,持分移轉
RPOQMLOLLHGGFAA07DA,政大段三小段,48.00,都市：其他:第三種住宅區。,2,1,持分移轉
RPOQMLOLLHGGFAA07DA,政大段三小段,79.00,都市：其他:第三種住宅區。,2,1,持分移轉
RPOQMLOLLHGGFAA07DA,政大段三小段,32.50,都市：其他:第三種住宅區。,2,1,持分移轉
RPSOMLOJLHGGFAA07DA,華興段四小段,37.38,都市：其他:第三種住宅區。,10000,295,持分移轉
RPVNMLRJKHGGFCA67DA,東湖段一小段,25.29,都市：其他:第三種住宅區。,100000,297,持分移轉
RPTPMLNLLHGGFAA37DA,南海段一小段,6.63,都市：其他:第三之一種住宅區(中正紀念堂特定專用區)及第三種住宅區及第三種住宅區(中正紀念堂特定專用區)。,87356,37,持分移轉
RPTPMLNLLHGGFAA37DA,南海段一小段,6.63,都市：其他:第三之一種住宅區(中正紀念堂特定專用區)及第三種住宅區及第三種住宅區(中正紀念堂特定專用區)。,87356,37,持分移轉
RPSOMLKMLHGGFBA07DA,大同段一小段,34.78,都市：其他:第四種住宅區。,10000,2070,持分移轉
RPOQMLQKLHGGFAA17DA,政大段二小段,25.73,都市：其他:第三種住宅區。,100000,860,持分移轉
RPVNMLKMLHGGFAA17DA,公訓段三小段,.03,都市：其他:第二種住宅區。,5460,1,持分移轉
RPVNMLKMLHGGFAA17DA,公訓段三小段,.00,都市：其他:第二種住宅區。,341250,10,持分移轉
RPVNMLKMLHGGFAA17DA,公訓段三小段,33.00,都市：其他:第二種住宅區。,1,1,全筆移轉
RPVNMLKMLHGGFAA17DA,公訓段三小段,171.00,都市：其他:第二種住宅區。,1,1,全筆移轉
RPPPMLMLLHGGFAA86DA,實踐段二小段,8.92,都市：其他:第三種住宅區。,20000,322,持分移轉
RPPPMLMLLHGGFAA86DA,實踐段二小段,8.92,都市：其他:第三種住宅區。,20000,322,持分移轉
RPXRMLOLLHGGFCA28DA,文德段二小段,34.72,都市：其他:第三種住宅區。,32,1,持分移轉
RPXRMLOLLHGGFCA28DA,文德段二小段,.16,都市：其他:道路用地(公共設施用地)。65/4/15,32,1,持分移轉
RPXNMLPJLHGGFCA77DA,潭美段五小段,34.21,都市：其他:住宅區。,100000,4985,持分移轉
RPQPMLOLKHGGFCA27DA,康寧段三小段,32.36,都市：其他:第參種商業區(依都市計畫說明書圖規定辦理，始得作第參種商業區使用)(原屬第參之壹種住宅區)。,100000,1921,持分移轉
RPQPMLOLKHGGFCA27DA,康寧段三小段,3.57,都市：其他:第參種商業區(依都市計畫說明書圖規定辦理，始得作第參種商業區使用)(原屬第參種住宅區)。,100000,1921,持分移轉
RPXOMLKMLHGGFCA67DA,金泰段,1.26,都市：其他:娛樂區(供觀光旅館使用)。,20000,1,持分移轉
RPSNMLPLLHGGFCA47DA,長安段三小段,14.55,都市：其他:第三種住宅區。,501600,17713,持分移轉
RPSNMLPLLHGGFCA47DA,長安段三小段,11.58,都市：其他:第三種住宅區。,808480,28550,持分移轉
RPTOMLKMLHGGFCA27DA,碧湖段四小段,26.85,都市：其他:第三種住宅區。,40000,204,持分移轉
RPTPMLQLLHGGFCA87DA,北安段一小段,20.91,都市：其他:第三種住宅區。,239,21,持分移轉
RPTPMLQLLHGGFCA87DA,北安段一小段,.18,都市：其他:第三種住宅區。,239,21,持分移轉
RPTPMLQLLHGGFCA87DA,北安段一小段,1.49,都市：其他:第三種住宅區。,239,21,持分移轉
RPORMLPLLHGGFCA47DA,石潭段三小段,8.85,都市：其他:第三之一種住宅區。,10000,411,持分移轉
RPORMLPLLHGGFCA47DA,石潭段三小段,29.02,都市：其他:第三種住宅區。,10000,411,持分移轉
RPPNMLKMLHGGFCA76DA,東湖段六小段,3.80,都市：其他:第三種住宅區。,100000,95,持分移轉
RPPNMLKMLHGGFCA76DA,東湖段六小段,7.00,都市：其他:第三種住宅區。,100000,175,持分移轉
RPRNMLTLLHGGFCA77DA,石潭段四小段,7.60,都市：其他:第一種商業區。,10000,134,持分移轉
RPRNMLTLLHGGFCA77DA,石潭段四小段,.11,都市：其他:第一種商業區。,10000,2,持分移轉
RPXQMLKKLHGGFDA77DA,中南段四小段,11.01,都市：其他:第三種住宅區。,100000000,3120000,持分移轉
RPXQMLKKLHGGFDA77DA,中南段四小段,.16,都市：其他:道路用地(公共設施用地)。61/11/18,100000000,3120000,持分移轉
RPROMLPKLHGGFDA47DA,永春段三小段,2.73,都市：其他:道路用地(公共設施用地) 但是否在第三種住宅區(應依建築線或俟地籍測量分割後，再確定)。,162348,15278,持分移轉
RPORMLKKLHGGFDA96DA,中南段四小段,11.01,都市：其他:第三種住宅區。,10000,312,持分移轉
RPORMLKKLHGGFDA96DA,中南段四小段,.16,都市：其他:道路用地(公共設施用地)。61/11/18,10000,312,持分移轉
RPQPMLKMLHGGFCA07DA,碧湖段二小段,2.64,都市：其他:第三種住宅區。,10000,6,持分移轉
RPPQMLKMLHGGFCA07DA,東湖段七小段,18.72,都市：其他:第三種住宅區。,100000,1243,持分移轉
RPTNMLKMLHGGFDA27DA,中南段二小段,6.61,都市：其他:第三種住宅區。,720,9,持分移轉
RPTNMLKMLHGGFDA27DA,中南段二小段,1.15,都市：其他:道路用地(公共設施用地)。72/8/19,432000,2827,持分移轉
RPTNMLKMLHGGFDA27DA,中南段二小段,1.54,都市：其他:第三種住宅區。,72,1,持分移轉
RPTNMLKMLHGGFDA27DA,中南段二小段,.01,都市：其他:公園用地(公共設施用地)。90/9/28,72,1,持分移轉
RPTNMLKMLHGGFDA27DA,中南段二小段,.08,都市：其他:道路用地(公共設施用地)。61/11/18,72,1,持分移轉
RPTNMLKMLHGGFDA27DA,中南段二小段,.18,都市：其他:道路用地(公共設施用地)。61/11/18,72,1,持分移轉
RPVPMLKMLHGGFCA57DA,東湖段八小段,18.85,都市：其他:第三之二種住宅區(依都市計畫說明書圖規定辦理)及第三種住宅區。,10000,39,持分移轉
RPSNMLNJKHGGFEA17DA,至善段七小段,663.07,都市：其他:住宅區(原為保護區，經都市計畫檢討主要計畫變更，但因細部計畫及整體開發作業尚未完成，尚未能准許依變更後計畫用途使用)。,1,1,全筆移轉
RPWOMLQLLHGGFDA18DA,寶清段一小段,48.36,都市：其他:第三種住宅區。,100000,899,持分移轉
RPWNMLKMLHGGFDA57DA,經貿段,46.66,都市：其他:住宅區(供住宅使用)。,10000,216,持分移轉
RPUNMLMKLHGGFEA47DA,奇岩段四小段,30.53,都市：其他:第三種住宅區。,1000000,10654,持分移轉
RPUOMLMKLHGGFEA57DA,立農段四小段,14.00,都市：其他:第三種住宅區。,8,1,持分移轉
RPUOMLMKLHGGFEA57DA,立農段四小段,14.00,都市：其他:第三種住宅區。,8,1,持分移轉
RPXOMLNLLHGGFEA08DA,天山段二小段,31.10,都市：其他:第二種住宅區。,10000,61,持分移轉
RPQOMLNLLHGGFEA37DA,翠山段一小段,69.58,都市：其他:第一種住宅區。,1600,71,持分移轉
RPQOMLNLLHGGFEA37DA,翠山段一小段,28.42,都市：其他:第一種住宅區。,1600,29,持分移轉
RPQNMLOLLHGGFEA37DA,新民段二小段,.01,都市：其他:第二種住宅區。,10000,4,持分移轉
RPQNMLOLLHGGFEA37DA,新民段二小段,10.17,都市：其他:第二種住宅區。,10000,45,持分移轉
RPROMLPLLHGGFEA67DA,芝山段二小段,52.37,都市：其他:第三種住宅區。,10000,1505,持分移轉
RPRPMLPLLHGGFEA77DA,光華段二小段,8.30,都市：其他:第三之二種住宅區 但是否在第三種住宅區(應依建築線或俟地籍測量分割後，再確定)。,24000,85,持分移轉
RPRPMLPLLHGGFEA77DA,光華段二小段,8.30,都市：其他:第三之二種住宅區 但是否在第三種住宅區(應依建築線或俟地籍測量分割後，再確定)。,24000,85,持分移轉
RPRPMLPLLHGGFEA77DA,光華段二小段,.10,都市：其他:第三之二種住宅區。,24000,85,持分移轉
RPRPMLPLLHGGFEA77DA,光華段二小段,.10,都市：其他:第三之二種住宅區。,24000,85,持分移轉
RPQNMLRLLHGGFEA67DA,新民段三小段,21.67,都市：其他:第二種住宅區。,3,1,持分移轉
RPQNMLRLLHGGFEA67DA,新民段三小段,4.00,都市：其他:道路用地(公共設施用地)。67/11/3,3,1,持分移轉
RPOOMLQLLHGGFEA47DA,行義段三小段,53.74,都市：其他:第三種住宅區。,10000,204,持分移轉
RPPQMLTLLHGGFEA08DA,振興段二小段,27.50,都市：其他:第三種住宅區。,13810,275,持分移轉
RPWNMLKMLHGGFEA67DA,天母段四小段,16.50,都市：其他:第二種住宅區。,3125,37,持分移轉
RPRPMLKKLHGGFFA27DA,復興段三小段,22.38,都市：其他:第四種住宅區。,8,1,持分移轉
RPRPMLKKLHGGFFA27DA,復興段三小段,22.38,都市：其他:第四種住宅區。,8,1,持分移轉
RPRPMLKMLHGGFEA37DA,至善段五小段,49.20,都市：其他:第二種住宅區。,300,60,持分移轉
RPRPMLKMLHGGFEA37DA,至善段五小段,3.00,都市：其他:第二種住宅區。,1,1,全筆移轉
RPRPMLKMLHGGFEA37DA,至善段五小段,127.79,都市：其他:第二種住宅區。,900,174,持分移轉
RPRPMLKMLHGGFEA37DA,至善段五小段,2.67,都市：其他:第二種住宅區。,3,2,持分移轉
RPRPMLKMLHGGFEA37DA,至善段五小段,10.00,都市：其他:第二種住宅區。,300,24,持分移轉
RPRPMLKMLHGGFEA37DA,至善段五小段,12.32,都市：其他:第二種住宅區。,200,32,持分移轉
RPRPMLKMLHGGFEA37DA,至善段五小段,148.05,都市：其他:第二種住宅區。,200,94,持分移轉
RPRPMLKMLHGGFEA37DA,至善段五小段,.47,都市：其他:保護區。,200,94,持分移轉
RPRPMLKMLHGGFEA37DA,至善段五小段,20.67,都市：其他:保護區。,200,106,持分移轉
RPRPMLKMLHGGFEA37DA,至善段五小段,6.36,都市：其他:第二種住宅區。,200,106,持分移轉
RPOQMLNLLHGGFFA47DA,金華段四小段,26.33,都市：其他:第三種住宅區。,12,1,持分移轉
RPOQMLNLLHGGFFA47DA,金華段四小段,.50,都市：其他:道路用地(公共設施用地)。42/9/18,12,1,持分移轉
RPOQMLNLLHGGFFA47DA,金華段四小段,1.33,都市：其他:道路用地(公共設施用地)。42/9/18,12,1,持分移轉
RPUNMLQKLHGGFFA97DA,金華段二小段,9.50,都市：其他:第一種商業區。,20000,549,持分移轉
RPUNMLQKLHGGFFA97DA,金華段二小段,9.50,都市：其他:第一種商業區。,20000,549,持分移轉
RPUNMLQKLHGGFFA97DA,金華段二小段,17.26,都市：其他:第三種住宅區。,20000,549,持分移轉
RPUNMLQKLHGGFFA97DA,金華段二小段,17.26,都市：其他:第三種住宅區。,20000,549,持分移轉
RPUNMLTLLHGGFFA38DA,通化段四小段,.02,都市：其他:第三種住宅區。,18000000,1346,持分移轉
RPPNMLLMLHGGFFA17DA,復興段二小段,27.12,都市：其他:第四種住宅區。,16,1,持分移轉
RPUNMLTLLHGGFFA38DA,通化段四小段,.06,都市：其他:第三之一種住宅區。,18000000,1346,持分移轉
RPROMLMKLHGGFBA07EA,雙連段二小段,27.33,都市：其他:道路用地(公共設施用地)。47/12/27,3,1,持分移轉
RPPOMLKMLHGGFAA76EA,景美段一小段,12.86,都市：其他:第四種住宅區。,10000,53,持分移轉
RPROMLKMLHGGFAA96EA,河堤段六小段,8.63,都市：其他:第三種住宅區。,100000,1253,持分移轉
RPROMLKMLHGGFAA96EA,河堤段六小段,12.86,都市：其他:第二種商業區。,100000,1253,持分移轉
RPQOMLKMLHGGFAA86EA,興隆段一小段,30.40,都市：其他:第三種住宅區。,10000,74,持分移轉
RPQOMLKMLHGGFAA86EA,興隆段一小段,1.46,都市：其他:第三種住宅區。,10000,116,持分移轉
RPQOMLKMLHGGFAA86EA,興隆段一小段,.02,都市：其他:第三種住宅區。,10000,116,持分移轉
RPTOMLKMLHGGFAA17EA,興安段二小段,32.10,都市：其他:第三種住宅區。,80,2,持分移轉
RPRNMLLMLHGGFAA96EA,福和段一小段,27.80,都市：其他:第三種住宅區。,10,1,持分移轉
RPRNMLKMLHGGFBA96EA,雙連段一小段,2.29,都市：其他:第三種商業區。,24,1,持分移轉
RPRNMLKMLHGGFBA96EA,雙連段一小段,2.29,都市：其他:第三種商業區。,24,1,持分移轉
RPRNMLKMLHGGFBA96EA,雙連段一小段,2.29,都市：其他:第三種商業區。,24,1,持分移轉
RPROMLKMLHGGFBA07EA,成功段一小段,2.83,都市：其他:第參種商業區(依都市計畫說明書圖規定辦理，始得作第參種商業區使用)(原屬第貳種商業區)。,10000,20,持分移轉
RPROMLKMLHGGFBA07EA,成功段一小段,1.09,都市：其他:第三種商業區。,10000,20,持分移轉
RPWNMLLMLHGGFBA57EA,文昌段一小段,20.00,都市：其他:第三種住宅區。,5,1,持分移轉
RPSPMLLMLHGGFBA37EA,龍山段一小段,3.32,都市：其他:第三種商業區。,10000,289,持分移轉
RPSPMLLMLHGGFBA37EA,龍山段一小段,13.29,都市：其他:第三種商業區。,10000,289,持分移轉
RPVOMLTKLHGGFCA28EA,大湖段二小段,2.41,都市：其他:道路用地(公共設施用地)。65/2/13,32,1,持分移轉
RPVOMLTKLHGGFCA28EA,大湖段二小段,28.50,都市：其他:第三種住宅區。,32,1,持分移轉
RPVOMLTKLHGGFCA28EA,大湖段二小段,10.12,都市：其他:第三種住宅區。,32,1,持分移轉
RPVOMLTKLHGGFCA28EA,大湖段二小段,.41,都市：其他:道路用地(公共設施用地)。65/2/13,32,1,持分移轉
RPXNMLKMLHGGFCA67EA,中山段三小段,.56,都市：其他:第肆種商業區(依都市計畫說明書圖規定辦理，始得作第肆種商業區使用)(原屬第參種商業區)。,10000,87,持分移轉
RPXNMLKMLHGGFCA67EA,中山段三小段,1.08,都市：其他:第肆種商業區(依都市計畫說明書圖規定辦理，始得作第肆種商業區使用)(原屬第參種商業區)。,10000,87,持分移轉
RPXNMLKMLHGGFCA67EA,中山段三小段,1.27,都市：其他:第肆種商業區(依都市計畫說明書圖規定辦理，始得作第肆種商業區使用)(原屬第參種商業區)。,10000,87,持分移轉
RPXNMLKMLHGGFCA67EA,中山段三小段,2.21,都市：其他:第肆種商業區(依都市計畫說明書圖規定辦理，始得作第肆種商業區使用)(原屬第參種商業區)。,10000,87,持分移轉
RPSPMLTLLHGGFCA18EA,石潭段四小段,13.05,都市：其他:第一種商業區。,10000,230,持分移轉
RPSPMLTLLHGGFCA18EA,石潭段四小段,.11,都市：其他:第一種商業區。,10000,2,持分移轉
RPOQMLTLLHGGFCA87EA,正義段一小段,3.99,都市：其他:第參種商業區(依都市計畫說明書圖規定辦理，始得作第參種商業區使用)(原屬第參之壹種住宅區及第參之貳種住宅區)。,1000000,2516,持分移轉
RPOPMLKMLHGGFCA96EA,東湖段六小段,.40,都市：其他:第三種住宅區。,100000000,10000,持分移轉
RPSQMLKMLHGGFCA47EA,東湖段四小段,61.75,都市：其他:第三種住宅區。,10000,291,持分移轉
RPUPMLKMLHGGFCA57EA,東湖段一小段,54.98,都市：其他:第三種住宅區。,1000,116,持分移轉
RPUPMLKMLHGGFCA57EA,東湖段一小段,54.98,都市：其他:第三種住宅區。,1000,116,持分移轉
RPOOMLTKLHGGFDA67EA,玉成段五小段,1.08,都市：其他:第三種住宅區。,10000,5,持分移轉
RPROMLOLLHGGFDA57EA,福德段一小段,29.21,都市：其他:第三種住宅區。,10000,434,持分移轉
RPTOMLOLLHGGFDA77EA,福德段二小段,33.25,都市：其他:第三種住宅區。,4,1,持分移轉
RPTOMLOLLHGGFDA77EA,福德段二小段,7.25,都市：其他:道路用地(公共設施用地)。51/9/1,4,1,持分移轉
RPSOMLOLLHGGFDA67EA,fbaf和段三小段,.77,都市：其他:第參種商業區(依都市計畫說明書圖規定辦理，始得作第參種商業區使用)(原屬第參之壹種住宅區)。,100000,51,持分移轉
RPSOMLOLLHGGFDA67EA,fbaf和段三小段,.36,都市：其他:第參種商業區(依都市計畫說明書圖規定辦理，始得作第參種商業區使用)(原屬第參種住宅區)。,100000,51,持分移轉
RPRNMLKMLHGGFEA27EA,溪洲段三小段,.53,都市：其他:住宅區(細部計畫尚未完成，尚未能准許依變更後計畫用途使用)。,600,1,持分移轉
RPRNMLKMLHGGFEA27EA,溪洲段三小段,.74,都市：其他:道路用地(公共設施用地)(將來採區段徵收方式辦理整體開發)。100/6/8,600,1,持分移轉
RPRNMLKMLHGGFEA27EA,溪洲段一小段,1.54,都市：其他:公園用地(公共設施用地) 但是否在交通用地(公共設施用地)(應依建築線或俟地籍測量分割後，再確定將來採區段徵收方式辦理整體開發)。,120,1,持分移轉
RPRNMLKMLHGGFEA27EA,溪洲段一小段,2.24,都市：其他:堤防用地(公共設施用地)(將來係採用區段徵收之方式辦理整體開發)。80/6/5,120,1,持分移轉
RPRNMLKMLHGGFEA27EA,溪洲段二小段,13.80,都市：其他:國中用地(公共設施用地)(將來採區段徵收方式辦理整體開發)。100/6/8,120,1,持分移轉
RPRNMLKMLHGGFEA27EA,溪洲段二小段,17.13,都市：其他:國中用地(公共設施用地)及國小用地(公共設施用地) 但是否在道路用地(公共設施用地)(應依建築線或俟地籍測量分割後，再確定)。,240,1,持分移轉
RPRNMLKMLHGGFEA27EA,溪洲段二小段,2.73,都市：其他:住宅區(細部計畫尚未完成，尚未能准許依變更後計畫用途使用)。,120,1,持分移轉
RPRNMLKMLHGGFEA27EA,溪洲段一小段,2.44,都市：其他:交通用地(公共設施用地)(將來採區段徵收方式辦理整體開發)。100/6/8,600,1,持分移轉
RPRNMLKMLHGGFEA27EA,溪洲段二小段,14.11,都市：其他:住宅區(細部計畫尚未完成，尚未能准許依變更後計畫用途使用) 但是否在道路用地(公共設施用地)(應依建築線或俟地籍測量分割後，再確定)。,120,1,持分移轉
RPRNMLKMLHGGFEA27EA,溪洲段二小段,6.29,都市：其他:公園用地(公共設施用地)(將來採區段徵收方式辦理整體開發)。100/6/8,120,1,持分移轉
RPRNMLKMLHGGFEA27EA,溪洲段二小段,.99,都市：其他:公園用地(公共設施用地)(將來採區段徵收方式辦理整體開發)。100/6/8,120,1,持分移轉
RPROMLKMLHGGFDA27EA,延吉段三小段,29.64,都市：其他:第三種住宅區。,100000,1760,持分移轉
RPSNMLLMLHGGFDA37EA,寶清段一小段,7.64,都市：其他:第三種商業區。,10000,135,持分移轉
RPTOMLKMLHGGFDA47EA,美仁段二小段,5.38,都市：其他:第參種商業區(依都市計畫說明書圖規定辦理，始得作第參種商業區使用)(原屬第貳種商業區)。,10000,430,持分移轉
RPTOMLKMLHGGFDA47EA,美仁段二小段,.60,都市：其他:第三種住宅區。,10000,430,持分移轉
RPUNMLKMLHGGFEA57EA,大業段三小段,4.64,都市：其他:第三之二種住宅區。,30000,47,持分移轉
RPUNMLKMLHGGFEA57EA,大業段三小段,.82,都市：其他:第三種住宅區。,30000,47,持分移轉
RPUNMLKMLHGGFEA57EA,大業段三小段,.01,都市：其他:第三之一種住宅區。,30000,47,持分移轉
RPROMLKMLHGGFEA37EA,三玉段五小段,43.31,都市：其他:第三種住宅區。,10000,1101,持分移轉
RPQNMLLMLHGGFEA27EA,文林段一小段,7.83,都市：其他:第三種住宅區。,40,1,持分移轉
RPSOMLKMLHGGFEA47EA,芝山段二小段,31.56,都市：其他:第三種住宅區。,10000,281,持分移轉
RPSOMLKMLHGGFEA47EA,芝山段二小段,9.00,都市：其他:道路用地(公共設施用地)。65/11/23,1,1,全筆移轉
RPRNMLLMLHGGFEA37EA,文林段一小段,7.82,都市：其他:第三種住宅區。,800,20,持分移轉
RPRNMLLMLHGGFEA37EA,文林段一小段,7.82,都市：其他:第三種住宅區。,800,20,持分移轉
RPSPMLMKLHGGFFA67EA,復興段二小段,8.22,都市：其他:第肆種商業區(依都市計畫說明書圖規定辦理，始得作第肆種商業區使用)(原屬第貳種商業區)。,415938,2178,持分移轉
RPVNMLRKKHGGFEA08EA,關渡段二小段,29.03,都市：其他:第三之一種住宅區。,1000000,32770,持分移轉
RPVNMLRKKHGGFEA08EA,關渡段二小段,22.68,都市：其他:第三種住宅區。,1000000,32770,持分移轉
RPVNMLKMLHGGFFA77EA,仁愛段三小段,.13,都市：其他:道路用地(公共設施用地)。61/3/27,15,1,持分移轉
RPVNMLKMLHGGFFA77EA,仁愛段三小段,21.87,都市：其他:第四種住宅區。,15,1,持分移轉
RPXNMLTLLHGGFFA78EA,金華段四小段,27.69,都市：其他:第三種住宅區。,10000,926,持分移轉
RPTPMLKMLHGGFFA77EA,懷生段四小段,11.71,都市：其他:第一種商業區。,28000,1338,持分移轉
RPTPMLKMLHGGFFA77EA,懷生段四小段,3.90,都市：其他:第一種商業區。,28000,446,持分移轉
RPWPMLKMLHGGFFA08EA,大安段二小段,.17,都市：其他:第三種住宅區。,100000000,40000,持分移轉
RPXPMLKMLHGGFFA18EA,大安段一小段,5.55,都市：其他:第參種商業區(依都市計畫說明書圖規定辦理，始得作第參種商業區使用)(原屬第貳種商業區)。,10000,66,持分移轉
RPQNMLLMLHGGFFA37EA,仁愛段五小段,25.90,都市：其他:第四之一種住宅區及第四之一種住宅區(特)。,10000,445,持分移轉
RPROMLLMLHGGFFA57EA,瑞安段三小段,.06,都市：其他:第三種住宅區。,10000,1,持分移轉
RPPNMLLJMHGGFFA07EA,通化段二小段,26.01,都市：其他:第三種商業區(特)(遷)(依都市計畫說明書圖規定辦理，始得作第參種商業區使用)(原屬第參種住宅區)。,10000,1221,持分移轉
RPWOMLMKLHGGFFA97EA,復興段二小段,8.75,都市：其他:道路用地(公共設施用地)。48/3/13,768,96,持分移轉
RPWOMLMKLHGGFFA97EA,復興段二小段,5.90,都市：其他:道路用地(公共設施用地)。48/3/13,5038848,381024,持分移轉
RPWOMLMKLHGGFFA97EA,復興段二小段,.62,都市：其他:道路用地(公共設施用地)。48/3/13,768,96,持分移轉
RPRNMLLMLHGGFFA47EA,仁愛段六小段,40.75,都市：其他:第四之一種住宅區(特)。,4,1,持分移轉
RPRNMLLMLHGGFFA47EA,仁愛段六小段,1.00,都市：其他:道路用地(公共設施用地)。61/3/27,4,1,持分移轉
RPQOMLOLLHGGFFA67EA,龍泉段一小段,43.00,都市：其他:第三種住宅區。,4,1,持分移轉
RPQOMLLMLHGGFFA47EA,學府段一小段,3.66,都市：其他:第參種商業區(依都市計畫說明書圖規定辦理，始得作第參種商業區使用)(原屬第貳種商業區)。,100000,508,持分移轉
RPQOMLLMLHGGFFA47EA,學府段一小段,.61,都市：其他:第參種商業區(依都市計畫說明書圖規定辦理，始得作第參種商業區使用)(原屬第參之壹種住宅區及第貳種商業區應依建築線或俟地籍測量分割後，再確定)。,100000,508,持分移轉
RPPOMLOLLHGGFFA57EA,復興段一小段,.70,都市：其他:敦化南北路特定專用區(A區)(依都市計畫說明書圖規定辦理)(原屬第肆種住宅區)。,1000000,1251,持分移轉
RPPOMLOLLHGGFFA57EA,復興段一小段,2.56,都市：其他:敦化南北路特定專用區(A區)(依都市計畫說明書圖規定辦理)(原屬第肆之壹種住宅區)。,1000000,1604,持分移轉
RPPPMLLJMHGGFEA17EA,桃源段二小段,8.69,都市：其他:第二種住宅區。,30000,108,持分移轉
RPPPMLLJMHGGFEA17EA,桃源段二小段,8.69,都市：其他:第二種住宅區。,30000,108,持分移轉
RPPPMLLJMHGGFEA17EA,桃源段二小段,8.69,都市：其他:第二種住宅區。,30000,108,持分移轉
RPTOMLLMLHGGFEA67EA,福順段一小段,13.55,都市：其他:第三種住宅區。,2500000000,25550000,持分移轉
RPSNMLLMLHGGFEA47EA,湖山段二小段,13.31,都市：其他:陽明山國家公園區(請逕向陽明山國家公園管理處申請)。,10000,98,持分移轉
RPVOMLLMLHGGFEA87EA,三玉段一小段,36.19,都市：其他:第三種住宅區。,10000,734,持分移轉
RPUOMLLMLHGGFEA77EA,福順段一小段,13.55,都市：其他:第三種住宅區。,50000,511,持分移轉
RPPPMLLMLHGGFEA37EA,秀山段二小段,24.04,都市：其他:第三種住宅區。,10000,939,持分移轉
RPROMLLMLHGGFEA47EA,光華段四小段,2.98,都市：其他:第三之二種住宅區(依都市計畫說明書圖規定辦理)。,50000,106,持分移轉
RPROMLLMLHGGFEA47EA,光華段四小段,1.03,都市：其他:第三種住宅區。,50000,106,持分移轉
RPQPMLLMLHGGFEA47EA,永平段一小段,38.92,都市：其他:第三種住宅區。,10000,140,持分移轉
RPOPMLLMLHGGFEA27EA,陽明段四小段,17.54,都市：其他:第壹種商業區(依都市計畫說明書圖規定辦理，始得作第壹種商業區使用)。,10000,121,持分移轉
RPRPMLLMLHGGFEA57EA,永平段一小段,.28,都市：其他:第三種住宅區。,10000,1,持分移轉
RPSOMLKMLHGGFDA37EA,玉成段五小段,11.52,都市：其他:第三種住宅區。,10000,343,持分移轉
RPQNMLLMLHGGFDA17EA,玉成段三小段,.90,都市：其他:策略型工業區(不得作住宅使用)。,36000,250,持分移轉
RPQNMLLMLHGGFDA17EA,玉成段三小段,.19,都市：其他:道路用地(公共設施用地)。60/4/22,36000,250,持分移轉
RPQNMLLMLHGGFDA17EA,玉成段三小段,32.66,都市：其他:策略型工業區(不得作住宅使用) 但是否在道路用地(公共設施用地)(應依建築線或俟地籍測量分割後，再確定)。,20000,146,持分移轉
RPQNMLLMLHGGFDA17EA,玉成段三小段,.05,都市：其他:道路用地(公共設施用地)。60/4/22,20000,146,持分移轉
RPRPMLLJMHGGFDA27EA,信義段三小段,79.78,都市：其他:住宅區(信義計畫特定專用區)。,10000,469,持分移轉
RPQNMLLJMHGGFDA96EA,三興段一小段,5.53,都市：其他:第參種商業區(依都市計畫說明書圖規定辦理，始得作第參種商業區使用)(原屬第貳種商業區)。,100000,1187,持分移轉
RPWOMLLJMHGGFDA67EA,永吉段四小段,2.65,都市：其他:第參種商業區(依都市計畫說明書圖規定辦理，始得作第參種商業區使用)(原屬第參之壹種住宅區)。,10000,15,持分移轉
RPWOMLLJMHGGFDA67EA,永吉段四小段,2.14,都市：其他:第參種商業區(依都市計畫說明書圖規定辦理，始得作第參種商業區使用)(原屬第參種住宅區)。,10000,15,持分移轉
RPWOMLLJMHGGFDA67EA,永吉段四小段,1.98,都市：其他:交通用地(公共設施用地)。79/5/24,10000,15,持分移轉
RPOPMLLMLHGGFDA17EA,雅祥段三小段,1.75,都市：其他:道路用地(公共設施用地)。51/2/2,4,1,持分移轉
RPOPMLLMLHGGFDA17EA,雅祥段三小段,9.50,都市：其他:第三種住宅區。,4,1,持分移轉
RPOPMLLMLHGGFDA17EA,雅祥段三小段,29.50,都市：其他:第三之一種住宅區。,4,1,持分移轉
RPRNMLLJMHGGFDA07EA,永春段三小段,15.36,都市：其他:第三種住宅區。,100000,830,持分移轉
RPSNMLLJMHGGFDA17EA,福德段三小段,22.75,都市：其他:第三種住宅區。,4,1,持分移轉
RPUOMLOLLHGGFDA87EA,三興段一小段,25.74,都市：其他:第三種住宅區。,10000,406,持分移轉
RPWNMLLMLHGGFCA67EA,康寧段三小段,.78,都市：其他:第三種住宅區。,100000000,10000,持分移轉
RPWOMLOLLHGGFDA08EA,福德段四小段,30.00,都市：其他:第三種住宅區。,4,1,持分移轉
RPVOMLOLLHGGFDA97EA,三興段三小段,1.63,都市：其他:第三種住宅區。,200000,1066,持分移轉
RPVOMLOLLHGGFDA97EA,三興段三小段,1.63,都市：其他:第三種住宅區。,200000,1066,持分移轉
RPVOMLOLLHGGFDA97EA,三興段三小段,5.00,都市：其他:第參種商業區(依都市計畫說明書圖規定辦理，始得作第參種商業區使用)(原屬第貳種商業區)。,200000,1066,持分移轉
RPVOMLOLLHGGFDA97EA,三興段三小段,5.00,都市：其他:第參種商業區(依都市計畫說明書圖規定辦理，始得作第參種商業區使用)(原屬第貳種商業區)。,200000,1066,持分移轉
RPOOMLLMLHGGFCA96EA,吉林段一小段,12.37,都市：其他:第三種住宅區。,213890,4221,持分移轉
RPOOMLLMLHGGFCA96EA,吉林段一小段,12.37,都市：其他:第三種住宅區。,213890,4221,持分移轉
RPPPMLLJMHGGFCA96EA,潭美段五小段,27.08,都市：其他:工商混合區(不得作住宅使用)。,10000,111,持分移轉
RPUOMLTKLHGGFCA18EA,榮星段三小段,6.75,都市：其他:道路用地(公共設施用地)。65/11/24,4,1,持分移轉
RPUOMLTKLHGGFCA18EA,吉林段一小段,3.25,都市：其他:道路用地(公共設施用地)。54/9/11,4,1,持分移轉
RPXPMLTLLHGGFCA68EA,文德段二小段,2.11,都市：其他:第三種住宅區。,100000,263,持分移轉
RPXPMLTLLHGGFCA68EA,文德段二小段,3.88,都市：其他:第三之一種住宅區。,100000,263,持分移轉
RPTPMLKMLHGGFCA47EA,東湖段一小段,25.29,都市：其他:第三種住宅區。,100000,297,持分移轉
RPOPMLTKLHGGFCA67EA,長安段一小段,28.49,都市：其他:第三種住宅區。,10000,1319,持分移轉
RPSPMLLMLHGGFCA47EA,石潭段四小段,.91,都市：其他:第壹種商業區(依都市計畫說明書圖規定辦理，始得作第壹種商業區使用)(原屬第參之貳種住宅區)。,200000,97,持分移轉
RPSPMLLMLHGGFCA47EA,石潭段四小段,.06,都市：其他:第三種住宅區。,200000,97,持分移轉
RPSPMLLMLHGGFCA47EA,石潭段四小段,.01,都市：其他:第三之一種住宅區。,100000,31,持分移轉
RPPQMLLMLHGGFCA27EA,吉林段一小段,11.54,都市：其他:第三種住宅區。,10000,81,持分移轉
RPQQMLLMLHGGFCA37EA,碧湖段一小段,17.72,都市：其他:第三種住宅區。,15120,249,持分移轉
RPQQMLLMLHGGFCA37EA,碧湖段一小段,5.25,都市：其他:第三種住宅區。,15120,249,持分移轉
RPQQMLLMLHGGFCA37EA,碧湖段一小段,.00,都市：其他:道路用地(公共設施用地)。63/2/1,15120,249,持分移轉
RPQQMLLMLHGGFCA37EA,碧湖段一小段,7.68,都市：其他:第三種住宅區。,16800,277,持分移轉
RPQQMLLMLHGGFCA37EA,碧湖段一小段,.02,都市：其他:道路用地(公共設施用地)。63/2/1,16800,277,持分移轉
RPQQMLLMLHGGFCA37EA,碧湖段一小段,.05,都市：其他:道路用地(公共設施用地)。63/2/1,16800,277,持分移轉
RPQNMLLJMHGGFCA86EA,長安段三小段,8.21,都市：其他:第參種商業區(依都市計畫說明書圖規定辦理，始得作第參種商業區使用)(原屬第貳種商業區)。,10000,146,持分移轉
RPPNMLLJMHGGFBA66EA,公園段二小段,2.69,都市：其他:第四種商業區。,10000,20,持分移轉
RPRQMLLMLHGGFCA47EA,正義段三小段,3.45,都市：其他:第三種商業區。,20000,67,持分移轉
RPRQMLLMLHGGFCA47EA,正義段三小段,3.45,都市：其他:第三種商業區。,20000,67,持分移轉
RPOPMLLMLHGGFAA86EA,萬芳段三小段,9.60,都市：其他:第三種住宅區。,10000,337,持分移轉
RPOPMLLMLHGGFAA86EA,萬芳段三小段,9.60,都市：其他:第二種住宅區 但是否在第三種住宅區(應依建築線或俟地籍測量分割後，再確定)。,10000,198,持分移轉
RPOPMLLMLHGGFAA86EA,萬芳段三小段,13.60,都市：其他:第二種住宅區 但是否在第三種住宅區(應依建築線或俟地籍測量分割後，再確定)。,10000,1172,持分移轉
RPOPMLLMLHGGFAA86EA,萬芳段三小段,6.59,都市：其他:第三種住宅區。,10000,94,持分移轉
RPTPMLLMLHGGFBA47EA,臨沂段一小段,14.90,都市：其他:第參種商業區(依都市計畫說明書圖規定辦理，始得作第參種商業區使用)(原屬第貳種商業區)。,100000,1554,持分移轉
RPTPMLLMLHGGFBA47EA,臨沂段一小段,5.22,都市：其他:第參種商業區(依都市計畫說明書圖規定辦理，始得作第參種商業區使用)(原屬第參種住宅區)。,100000,1554,持分移轉
RPTNMLLMLHGGFAA17EA,萬慶段一小段,39.47,都市：其他:第三種住宅區。,10000,90,持分移轉
RPQOMLLJMHGGFAA76EA,景美段一小段,38.44,都市：其他:第四種住宅區。,10000,150,持分移轉
RPRNMLLJMHGGFAA76EA,萬隆段二小段,21.66,都市：其他:第三種住宅區。,10000,153,持分移轉
RPVNMLTLLHGGFFA48DA,仁愛段四小段,10.85,都市：其他:第四種住宅區。,20000,322,持分移轉
RPVNMLTLLHGGFFA48DA,仁愛段四小段,1.43,都市：其他:第四種住宅區。,20000,322,持分移轉
RPVNMLTLLHGGFFA48DA,仁愛段四小段,3.27,都市：其他:第四種住宅區。,20000,322,持分移轉
RPVNMLQLLHGGFFA18DA,龍泉段一小段,25.57,都市：其他:第參種商業區(依都市計畫說明書圖規定辦理，始得作第參種商業區使用)(原屬第貳種商業區)。,105,5,持分移轉
RPOOMLTJLHGGFFA67DA,辛亥段四小段,29.97,都市：其他:第三種住宅區。,10000,452,持分移轉
RPPPMLKMLHGGFEA17DA,芝蘭段一小段,41.46,都市：其他:第三種住宅區。,10000,1171,持分移轉
RPPOMLRKKHGGFAA17EA,景美段五小段,5.47,都市：其他:第三種商業區。,10000,63,持分移轉
RPQPMLKMLHGGFEA27DA,陽明段四小段,37.75,都市：其他:第三種住宅區。,4,1,持分移轉
RPOPMLKMLHGGFEA07DA,芝蘭段一小段,41.46,都市：其他:第三種住宅區。,10000,1171,持分移轉
RPQQMLTLLHGGFEA18DA,光華段四小段,62.03,都市：其他:第三種住宅區。,640000,12935,持分移轉
RPSNMLLJMHGGFEA17DA,湖山段三小段,4375.47,都市：其他:陽明山國家公園區(請逕向陽明山國家公園管理處申請)。,10000,9295,持分移轉
RPSNMLLJMHGGFEA17DA,湖山段三小段,331.87,都市：其他:陽明山國家公園區(請逕向陽明山國家公園管理處申請)。,10000,705,持分移轉
RPSOMLTLLHGGFEA18DA,立農段一小段,33.88,都市：其他:綠地用地(公共設施用地)。66/10/21,16,1,持分移轉
RPSOMLLMLHGGFEA47DA,三玉段三小段,77.03,都市：其他:第參種商業區(依都市計畫說明書圖規定辦理，始得作第參種商業區使用)(原屬第參種住宅區)。,50000,679,持分移轉
RPSOMLLMLHGGFEA47DA,三玉段三小段,.61,都市：其他:第三種住宅區。,50000,679,持分移轉
RPRNMLMLLHGGFEA27DA,關渡段二小段,36.68,都市：其他:第三之二種住宅區。,28,1,持分移轉
RPQNMLMLLHGGFEA17DA,關渡段二小段,36.68,都市：其他:第三之二種住宅區。,28,1,持分移轉
RPTNMLMLLHGGFEA47DA,關渡段二小段,36.68,都市：其他:第三之二種住宅區。,28,1,持分移轉
RPRNMLTLLHGGFEA97DA,行義段二小段,13.54,都市：其他:第二種住宅區。,50000,353,持分移轉
RPRNMLTLLHGGFEA97DA,行義段二小段,54.15,都市：其他:第二種住宅區。,50000,1412,持分移轉
RPUNMLMLLHGGFEA57DA,關渡段二小段,36.68,都市：其他:第三之二種住宅區。,28,1,持分移轉
RPSQMLQKLHGGFEA97DA,溪洲段二小段,20.50,都市：其他:道路用地(公共設施用地)(將來採區段徵收方式辦理整體開發)。,2,1,持分移轉
RPSQMLQKLHGGFEA97DA,溪洲段三小段,10.20,都市：其他:堤防用地(公共設施用地)(將來係採用區段徵收之方式辦理整體開發)。80/6/5,19600,4760,持分移轉
RPSQMLQKLHGGFEA97DA,溪洲段三小段,59.50,都市：其他:堤防用地(公共設施用地)(將來係採用區段徵收之方式辦理整體開發)。80/6/5,19600,4760,持分移轉
RPSQMLQKLHGGFEA97DA,溪洲段三小段,.04,都市：其他:道路用地(公共設施用地)(將來採區段徵收方式辦理整體開發)。100/6/8,19600,4760,持分移轉
RPSQMLQKLHGGFEA97DA,溪洲段三小段,14.78,都市：其他:堤防用地(公共設施用地)(將來係採用區段徵收之方式辦理整體開發)。80/6/5,19600,4760,持分移轉
RPTPMLPLLHGGFEA97DA,溫泉段二小段,29.37,都市：其他:第三種住宅區。,1158,31,持分移轉
RPTQMLOLLHGGFEA97DA,三玉段一小段,41.75,都市：其他:第三種住宅區。,4,1,持分移轉
RPXNMLPLLHGGFEA18DA,芝蘭段一小段,11.26,都市：其他:第三種住宅區。,10000,270,持分移轉
RPXPMLMJLHGGFEA87DA,關渡段一小段,598.79,都市：其他:公園用地(公共設施用地)。82/1/15,73,16,持分移轉
RPXPMLMJLHGGFEA87DA,關渡段一小段,359.01,都市：其他:堤防用地(公共設施用地)。80/11/2,73,16,持分移轉
RPTQMLPKLHGGFEA97DA,奇岩段五小段,13.95,都市：其他:第參種工業區(不得作住宅使用)。,10000,58,持分移轉
RPVNMLLMLHGGFDA57DA,祥和段二小段,30.00,都市：其他:第貳種商業區(依都市計畫說明書圖規定辦理，始得作第貳種商業區使用)(原屬第參種住宅區)。,4,1,持分移轉
RPRNMLKMLHGGFDA07DA,民生段,29.45,都市：其他:住宅用地(民生社區特定專用區) 但是否在道路用地(公共設施用地)(應依建築線或俟地籍測量分割後，再確定)。,10000,43,持分移轉
RPSOMLTLLHGGFDA08DA,玉成段三小段,24.66,都市：其他:策略型工業區(不得作住宅使用)。,10000,48,持分移轉
RPQPMLPLLHGGFDA57DA,南港段三小段,31.25,都市：其他:第三種住宅區。,4,1,持分移轉
RPUPMLPLLHGGFDA97DA,寶清段七小段,10.89,都市：其他:第三種商業區。,100000,502,持分移轉
RPRNMLQLLHGGFDA57DA,祥和段一小段,147.34,都市：其他:第三種住宅區。,100000,16743,持分移轉
RPXOMLNLLHGGFDA97DA,三興段一小段,2.73,都市：其他:第參種商業區(依都市計畫說明書圖規定辦理，始得作第參種商業區使用)(原屬第貳種商業區)。,10000,36,持分移轉
RPQNMLPKLHGGFDA27DA,濱江段四小段,25.25,都市：其他:第三種住宅區。,10000,64,持分移轉
RPUQMLTKLHGGFDA38DA,三興段三小段,2.55,都市：其他:第三種住宅區。,100000,835,持分移轉
RPUQMLTKLHGGFDA38DA,三興段三小段,.27,都市：其他:第三種住宅區。,100000,88,持分移轉
RPUQMLTKLHGGFDA38DA,三興段三小段,7.83,都市：其他:第參種商業區(依都市計畫說明書圖規定辦理，始得作第參種商業區使用)(原屬第貳種商業區)。,100000,835,持分移轉
RPUQMLTKLHGGFDA38DA,三興段三小段,.83,都市：其他:第參種商業區(依都市計畫說明書圖規定辦理，始得作第參種商業區使用)(原屬第貳種商業區)。,100000,88,持分移轉
RPQRMLKMLHGGFCA27DA,正義段三小段,7.92,都市：其他:第肆種商業區(依都市計畫說明書圖規定辦理，始得作第肆種商業區使用)(原屬第參種商業區)。,30000,1686,持分移轉
RPQRMLKMLHGGFCA27DA,正義段三小段,10.40,都市：其他:第肆種商業區(依都市計畫說明書圖規定辦理，始得作第肆種商業區使用)(原屬第參種商業區)。,30000,1686,持分移轉
RPVOMLSJLHGGFDA08DA,敦化段二小段,23.10,都市：其他:敦化南北路特定專用區(B區)(依都市計畫說明書圖規定辦理)(原屬第參種住宅區)。,3010000000,40526842,持分移轉
RPVOMLSJLHGGFDA08DA,敦化段二小段,19.09,都市：其他:敦化南北路特定專用區(B區)(依都市計畫說明書圖規定辦理)(原屬第參之貳種住宅區)。,3010000000,40526842,持分移轉
RPRRMLKMLHGGFCA37DA,中山段一小段,.87,都市：其他:第肆種商業區(依都市計畫說明書圖規定辦理，始得作第肆種商業區使用)(原屬第參種商業區)。,10000,5,持分移轉
RPSOMLLMLHGGFCA27DA,東湖段二小段,1.24,都市：其他:第二種住宅區 但是否在道路用地(公共設施用地)(應依建築線或俟地籍測量分割後，再確定)。,100000,15,持分移轉
RPSOMLLMLHGGFCA27DA,東湖段二小段,186.96,都市：其他:第二種住宅區 但是否在道路用地(公共設施用地)(應依建築線或俟地籍測量分割後，再確定)。,100000,1477,持分移轉
RPQPMLLJMHGGFCA96DA,中山段四小段,119.00,都市：其他:第三種商業區。,1,1,全筆移轉
RPTNMLKMLHGGFCA17DA,西湖段一小段,24.69,都市：其他:第二種住宅區。,10000,100,持分移轉
RPTNMLKMLHGGFCA17DA,西湖段一小段,.18,都市：其他:道路用地(公共設施用地)。65/2/14,10000,100,持分移轉
RPVOMLLMLHGGFCA57DA,長安段三小段,10.34,都市：其他:第三之二種住宅區及第三種住宅區。,10000,159,持分移轉
RPOOMLKMLHGGFCA76DA,東湖段一小段,4.64,都市：其他:第一種商業區。,20000,794,持分移轉
RPOOMLKMLHGGFCA76DA,東湖段一小段,10.40,都市：其他:第一種商業區 但是否在道路用地(公共設施用地)(應依建築線或俟地籍測量分割後，再確定)。,20000,794,持分移轉
RPQOMLKMLHGGFCA96DA,正義段一小段,17.13,都市：其他:第肆種商業區(依都市計畫說明書圖規定辦理，始得作第肆種商業區使用)(原屬第參種住宅區)。,10000,299,持分移轉
RPWNMLTLLHGGFCA28DA,文德段四小段,6.14,都市：其他:第三種商業區。,100000,611,持分移轉
RPPNMLLLLHGGFCA76DA,舊宗段,74.67,都市：其他:科技工業區(C區)(不得作住宅使用)。,1,1,全筆移轉
RPPNMLLLLHGGFCA76DA,舊宗段,729.97,都市：其他:科技工業區(C區)(不得作住宅使用)。,1,1,全筆移轉
RPWOMLTLLHGGFCA38DA,長安段二小段,6.98,都市：其他:第參種商業區(依都市計畫說明書圖規定辦理，始得作第參種商業區使用)(原屬第貳種商業區)。,10000,79,持分移轉
RPWOMLTLLHGGFCA38DA,長安段二小段,.01,都市：其他:第參種商業區(依都市計畫說明書圖規定辦理，始得作第參種商業區使用)(原屬第貳種商業區)。,560000,12,持分移轉
RPQPMLTLLHGGFCA87DA,康寧段二小段,.01,都市：其他:第三種住宅區。,10000,62,持分移轉
RPQPMLTLLHGGFCA87DA,康寧段二小段,28.77,都市：其他:第三種住宅區。,10000,62,持分移轉
RPQPMLTLLHGGFCA87DA,康寧段二小段,.09,都市：其他:第三種住宅區。,10000,62,持分移轉
RPOPMLSJLHGGFCA37DA,碧湖段三小段,22.20,都市：其他:第一種商業區。,47100,2283,持分移轉
RPUQMLQLLHGGFCA08DA,文德段一小段,16.36,都市：其他:第三之一種住宅區。,10000,284,持分移轉
RPTNMLLJMHGGFBA96DA,雙園段一小段,5.03,都市：其他:第三之二種住宅區(特) 但是否在第壹種商業區(依都市計畫說明書圖規定辦理，始得作第壹種商業區使用)(原屬第參之壹種住宅區)。,10000,331,持分移轉
RPTNMLLJMHGGFBA96DA,雙園段一小段,10.00,都市：其他:第三之二種住宅區(特) 但是否在第壹種商業區(依都市計畫說明書圖規定辦理，始得作第壹種商業區使用)(原屬第參之壹種住宅區)。,10000,331,持分移轉
RPTNMLLJMHGGFBA96DA,雙園段一小段,8.74,都市：其他:第三之二種住宅區(特) 但是否在第壹種商業區(依都市計畫說明書圖規定辦理，始得作第壹種商業區使用)(原屬第參之壹種住宅區)。,10000,331,持分移轉
RPPNMLLMLHGGFBA76DA,大龍段一小段,2.92,都市：其他:第參種商業區(依都市計畫說明書圖規定辦理，始得作第參種商業區使用)(原屬第參種住宅區)。,10000,67,持分移轉
RPPNMLLMLHGGFBA76DA,大龍段一小段,8.84,都市：其他:第參種商業區(依都市計畫說明書圖規定辦理，始得作第參種商業區使用)(原屬第肆之壹種住宅區容積率依都市計畫書規定辦理)。,10000,67,持分移轉
RPQNMLLMLHGGFBA86DA,華江段三小段,15.09,都市：其他:特定專用區(二)(依都市計畫書圖規定辦理，始得比照特定專用區（一）使用) 但是否在特定專用區(二)(應依建築線或俟地籍測量分割後，再確定)。,12455,56,持分移轉
RPORMLSJLHGGFCA57DA,舊宗段,730.44,都市：其他:科技工業區(C區)(不得作住宅使用)。,100000,24040,持分移轉
RPXNMLLMLHGGFBA57DA,文昌段二小段,.62,都市：其他:第三種住宅區。,10000,8,持分移轉
RPXNMLLMLHGGFBA57DA,文昌段二小段,.46,都市：其他:第三之一種住宅區。,10000,8,持分移轉
RPXNMLLJMHGGFBA37DA,大龍段三小段,5.69,都市：其他:第四之一種住宅區(容積率依都市計畫書規定辦理)。,100000,857,持分移轉
RPXNMLLJMHGGFBA37DA,大龍段三小段,.51,都市：其他:第三種住宅區。,100000,857,持分移轉
RPXNMLMLLHGGFBA57DA,青年段一小段,27.05,都市：其他:第三之二種住宅區及第三之一種住宅區及第三種住宅區(是否在公共設施用地應依建築線或俟地籍測量分割後，再確定)。,85319,144,持分移轉
RPSPMLLKLHGGFBA07DA,大龍段三小段,5.69,都市：其他:第四之一種住宅區(容積率依都市計畫書規定辦理)。,100000,857,持分移轉
RPSPMLLKLHGGFBA07DA,大龍段三小段,.51,都市：其他:第三種住宅區。,100000,857,持分移轉
RPTNMLTKLHGGFBA77DA,臨沂段一小段,72.47,都市：其他:聚落風貌保存專用區。,2000,132,持分移轉
RPTNMLTKLHGGFBA77DA,臨沂段一小段,72.47,都市：其他:聚落風貌保存專用區。,2000,132,持分移轉
RPRNMLMJLHGGFBA76DA,龍山段一小段,15.49,都市：其他:第三種商業區。,10000,136,持分移轉
RPQPMLQKLHGGFBA37DA,中正段一小段,21.03,都市：其他:第三種住宅區。,30000,1262,持分移轉
RPQPMLQKLHGGFBA37DA,中正段一小段,2.99,都市：其他:第三種住宅區。,30000,1262,持分移轉
RPSNMLPKLHGGFBA27DA,城中段三小段,20.48,都市：其他:第四種商業區。,100000,1343,持分移轉
RPTNMLMJLHGGFAA86DA,河堤段二小段,.54,都市：其他:第三種住宅區。,10000000000,4000000,持分移轉
RPTNMLMJLHGGFAA86DA,河堤段二小段,.38,都市：其他:第參種商業區(依都市計畫說明書圖規定辦理，始得作第參種商業區使用)(原屬第貳種商業區)。,10000000000,4000000,持分移轉
RPSOMLTKKHGGFBA67DA,中正段二小段,13.77,都市：其他:第參種商業區(依都市計畫說明書圖規定辦理，始得作第參種商業區使用)(原屬第貳種商業區)及第三種住宅區。,10000,100,持分移轉
RPPOMLLMLHGGFAA76DA,實踐段一小段,23.36,都市：其他:第三種住宅區。,10000,398,持分移轉
RPPOMLLMLHGGFAA76DA,實踐段一小段,.20,都市：其他:道路用地(公共設施用地)。61/2/7,10000,398,持分移轉
RPUNMLKMLHGGFAA07DA,福和段一小段,18.47,都市：其他:第三之二種住宅區。,10000,443,持分移轉
RPPNMLLMLHGGFAA66DA,景美段一小段,.93,都市：其他:第四種住宅區。,40,1,持分移轉
RPPNMLLMLHGGFAA66DA,景美段一小段,2.42,都市：其他:第四種住宅區。,40,1,持分移轉
RPPNMLLMLHGGFAA66DA,景美段一小段,22.19,都市：其他:第四種住宅區。,5000,129,持分移轉
RPUOMLLMLHGGFAA27DA,興安段一小段,15.22,都市：其他:第三種住宅區。,100000,759,持分移轉
RPUOMLLMLHGGFAA27DA,興安段一小段,2.05,都市：其他:第三種住宅區。,100000,102,持分移轉
RPUOMLLMLHGGFAA27DA,興安段一小段,3.44,都市：其他:第二種住宅區。,100000,759,持分移轉
RPUOMLLMLHGGFAA27DA,興安段一小段,.46,都市：其他:第二種住宅區。,100000,102,持分移轉
RPTPMLTJLHGGFAA77DA,永昌段二小段,19.16,都市：其他:第三種住宅區。,10000,622,持分移轉
RPQNMLMKLHGGFAA66DA,博嘉段三小段,94.22,都市：其他:第二種住宅區。,10000,412,持分移轉
RPWNMLTJLHGGFAA87DA,萬芳段一小段,65.80,都市：其他:第貳類住宅用地(萬芳社區特定專用區)。,28719,86,持分移轉
RPXOMLPKLHGGFAA77DA,南海段二小段,12.27,都市：其他:第參種商業區(依都市計畫說明書圖規定辦理，始得作第參種商業區使用)(原屬第貳種商業區)。,10000,167,持分移轉
RPXOMLPKLHGGFAA77DA,南海段二小段,.37,都市：其他:第參種商業區(依都市計畫說明書圖規定辦理，始得作第參種商業區使用)(原屬第貳種商業區)。,10000,5,持分移轉
RPXOMLPKLHGGFAA77DA,南海段二小段,18.10,都市：其他:第三之一種住宅區。,10000,167,持分移轉
RPXOMLPKLHGGFAA77DA,南海段二小段,.54,都市：其他:第三之一種住宅區。,10000,5,持分移轉
RPTOMLSKLHGGFAA67DA,興隆段一小段,36.67,都市：其他:第三種住宅區。,12,1,持分移轉
RPQOMLQKLHGGFBA27DA,橋北段一小段,23.50,都市：其他:第四種住宅區。,4,1,持分移轉
RPSNMLTKLHGGFAA57DA,木柵段四小段,16.46,都市：其他:第三種住宅區。,10000,159,持分移轉
RPSNMLQJMHGGFAA27DA,興泰段二小段,21.80,都市：其他:第三種住宅區。,100000,1623,持分移轉
RPQNMLQLKHGGFBA17DA,迪化段一小段,20.00,都市：其他:特定專用區(供一般商業使用)。,1,1,全筆移轉
RPQNMLQLKHGGFBA17DA,迪化段一小段,112.00,都市：其他:特定專用區(供一般商業使用)。,1,1,全筆移轉
RPQNMLQLKHGGFBA17DA,迪化段一小段,87.00,都市：其他:第三種商業區。,1,1,全筆移轉
RPQNMLQLKHGGFBA17DA,迪化段一小段,31.00,都市：其他:特定專用區(供一般商業使用)。,1,1,全筆移轉
RPRPMLRKKHGGFAA37DA,河堤段二小段,12.44,都市：其他:第三種住宅區。,100000,913,持分移轉
RPRPMLRKKHGGFAA37DA,河堤段二小段,8.69,都市：其他:第參種商業區(依都市計畫說明書圖規定辦理，始得作第參種商業區使用)(原屬第貳種商業區)。,100000,913,持分移轉
RPOPMLKMLHGGFBA76DA,華江段二小段,7.62,都市：其他:第三之二種住宅區。,2700,30,持分移轉
RPOPMLKMLHGGFBA76DA,華江段二小段,9.64,都市：其他:第三種住宅區。,2700,30,持分移轉
RPSRMLOLLHGGFBA67DA,青年段一小段,16.78,都市：其他:第三種住宅區。,31555,23,持分移轉
RPXNMLQJMHGGFBA87DA,漢中段三小段,3.94,都市：其他:第四種商業區。,100000,106,持分移轉
RPPQMLLMLHGGFBA07DA,青年段二小段,.43,都市：其他:第三種住宅區。,10000,66,持分移轉
RPPQMLLMLHGGFBA07DA,青年段二小段,32.31,都市：其他:第三種住宅區。,10000,66,持分移轉
RPPRMLLMLHGGFBA17DA,雙園段二小段,61.00,都市：其他:第三種住宅區。,1,1,全筆移轉
RPPRMLLMLHGGFBA17DA,雙園段二小段,12.00,都市：其他:道路用地(公共設施用地)。56/8/25,1,1,全筆移轉
RPWNMLLJMHGGFBA27DA,公園段二小段,4.30,都市：其他:第四種商業區。,10000,32,持分移轉
RPQRMLLMLHGGFBA27DA,青年段二小段,21.26,都市：其他:第三種住宅區。,8070,88,持分移轉
RPQQMLPJLHGGFCA37DA,東湖段四小段,92.35,都市：其他:第二種住宅區。,10000,334,持分移轉
RPXNMLQLKHGGFCA97DA,吉林段四小段,10.10,都市：其他:第肆種商業區(依都市計畫說明書圖規定辦理，始得作第肆種商業區使用)(原屬第參種商業區)。,1000000,6004,持分移轉
RPTNMLPLLHGGFCA57DA,正義段三小段,32.96,都市：其他:第三種商業區。,10000,1600,持分移轉
RPPNMLQKLHGGFCA17DA,長春段二小段,24.12,都市：其他:第二種商業區。,10000,396,持分移轉
RPURMLRKLHGGFCA18DA,榮星段二小段,4.73,都市：其他:第三種住宅區。,238920,9570,持分移轉
RPURMLRKLHGGFCA18DA,榮星段二小段,.24,都市：其他:第三種住宅區。,43440,1740,持分移轉
RPURMLRKLHGGFCA18DA,榮星段二小段,24.03,都市：其他:第三種住宅區。,2287200,91611,持分移轉
RPURMLRKLHGGFCA18DA,榮星段二小段,.40,都市：其他:第三種住宅區。,2287200,91611,持分移轉
RPURMLRKLHGGFCA18DA,榮星段二小段,.20,都市：其他:第三種住宅區。,2287200,91611,持分移轉
RPURMLRKLHGGFCA18DA,榮星段二小段,.04,都市：其他:第三種住宅區。,10000,400,持分移轉
RPRPMLLJMHGGFCA07DA,碧湖段五小段,3.21,都市：其他:第三種住宅區。,10000,9,持分移轉
RPSPMLLJMHGGFCA17DA,文德段一小段,27.22,都市：其他:第三之一種住宅區及第三種住宅區 但是否在道路用地(公共設施用地)(應依建築線或俟地籍測量分割後，再確定)。,10000,72,持分移轉
RPSNMLSKLHGGFCA67DA,長安段一小段,88.00,都市：其他:第三種住宅區。,1,1,全筆移轉
RPPSMLLMLHGGFCA37DA,康寧段三小段,12.51,都市：其他:第三種住宅區。,10000,35,持分移轉
RPUOMLLJMHGGFCA27DA,碧湖段三小段,24.84,都市：其他:第三種住宅區。,100000,17171,持分移轉
RPTOMLLJMHGGFCA17DA,碧湖段二小段,.26,都市：其他:第三種住宅區。,100000,20,持分移轉
RPWRMLLJMHGGFCA77DA,吉林段四小段,3.80,都市：其他:第肆種商業區(依都市計畫說明書圖規定辦理，始得作第肆種商業區使用)(原屬第參種商業區) 但是否在道路用地(公共設施用地)(應依建築線或俟地籍測量分割後，再確定)。,10000,50,持分移轉
RPWRMLLJMHGGFCA77DA,吉林段四小段,.45,都市：其他:第肆種商業區(依都市計畫說明書圖規定辦理，始得作第肆種商業區使用)(原屬第參種商業區) 但是否在道路用地(公共設施用地)(應依建築線或俟地籍測量分割後，再確定)。,10000,50,持分移轉
RPUOMLLMLHGGFCA47DA,吉林段四小段,17.61,都市：其他:第肆種商業區(依都市計畫說明書圖規定辦理，始得作第肆種商業區使用)(原屬第參種商業區)。,100000,917,持分移轉
RPXOMLLMLHGGFCA77DA,金泰段,16.09,都市：其他:娛樂區(供觀光旅館使用)。,400000,255,持分移轉
RPSNMLLMLHGGFCA17DA,康寧段三小段,19.74,都市：其他:市場用地(公共設施用地)。64/7/8,100000,477,持分移轉
RPPPMLLMLHGGFCA07DA,金泰段,9.65,都市：其他:娛樂區(供觀光旅館使用)。,400000,153,持分移轉
RPUNMLLMLHGGFCA37DA,康寧段三小段,20.65,都市：其他:市場用地(公共設施用地)。64/7/8,100000,499,持分移轉
RPTNMLLMLHGGFCA27DA,康寧段三小段,20.16,都市：其他:市場用地(公共設施用地)。64/7/8,100000,487,持分移轉
RPQNMLOLLHGGFCA17DA,德惠段四小段,12.82,都市：其他:第肆種商業區(依都市計畫說明書圖規定辦理，始得作第肆種商業區使用)(原屬第參種商業區)。,10000,185,持分移轉
RPXPMLRKLHGGFDA38DA,福德段一小段,1.89,都市：其他:第三種住宅區。,71280,1259,持分移轉
RPXPMLRKLHGGFDA38DA,福德段一小段,5.56,都市：其他:第三種住宅區。,71280,1259,持分移轉
RPXPMLRKLHGGFDA38DA,福德段一小段,10.47,都市：其他:第三種住宅區。,71280,1259,持分移轉
RPQQMLSKLHGGFDA87DA,三興段三小段,10.24,都市：其他:第參種商業區(依都市計畫說明書圖規定辦理，始得作第參種商業區使用)(原屬第貳種商業區)。,10000,59,持分移轉
RPQQMLSKLHGGFDA87DA,三興段三小段,5.61,都市：其他:第三種住宅區。,10000,59,持分移轉
RPQQMLSKLHGGFDA87DA,三興段三小段,.04,都市：其他:道路用地(公共設施用地)。51/9/1,10000,59,持分移轉
RPQQMLSKLHGGFDA87DA,三興段三小段,.04,都市：其他:道路用地(公共設施用地)。51/9/1,10000,59,持分移轉
RPQQMLSKLHGGFDA87DA,三興段三小段,.05,都市：其他:第參種商業區(依都市計畫說明書圖規定辦理，始得作第參種商業區使用)(原屬第貳種商業區)。,10000,59,持分移轉
RPPNMLNLLHGGFDA07DA,南港段二小段,19.25,都市：其他:第參種商業區(依都市計畫說明書圖規定辦理，始得作第參種商業區使用)(原屬第參種住宅區)。,8,1,持分移轉
RPPNMLNLLHGGFDA07DA,南港段二小段,19.25,都市：其他:第參種商業區(依都市計畫說明書圖規定辦理，始得作第參種商業區使用)(原屬第參種住宅區)。,8,1,持分移轉
RPPRMLNJLHGGFEA37DA,三玉段二小段,12.35,都市：其他:第參種商業區(依都市計畫說明書圖規定辦理，始得作第參種商業區使用)(原屬第壹種商業區) 但是否在道路用地(公共設施用地)(應依建築線或俟地籍測量分割後，再確定)。,10000,61,持分移轉
RPPPMLQLLHGGFEA67DA,行義段三小段,39.75,都市：其他:第三種住宅區。,10000,180,持分移轉
RPUPMLLMLHGGFDA67DA,三興段二小段,19.87,都市：其他:第貳種商業區(依都市計畫說明書圖規定辦理，始得作第貳種商業區使用)(原屬第參種住宅區)。,10000,960,持分移轉
RPUPMLLMLHGGFDA67DA,三興段二小段,6.82,都市：其他:第三種住宅區。,10000,960,持分移轉
RPTOMLKMLHGGFEA47DA,平等段一小段,14.45,都市：其他:保護區。,1,1,全筆移轉
RPTOMLKMLHGGFEA47DA,平等段一小段,379.61,都市：其他:保護區。,1,1,全筆移轉
RPTOMLKMLHGGFEA47DA,平等段一小段,244.22,都市：其他:保護區。,1,1,全筆移轉
RPTOMLKMLHGGFEA47DA,平等段一小段,52.87,都市：其他:保護區。,1,1,全筆移轉
RPTOMLKMLHGGFEA47DA,平等段一小段,49.23,都市：其他:保護區。,1,1,全筆移轉
RPTOMLKMLHGGFEA47DA,平等段一小段,251.36,都市：其他:保護區。,1,1,全筆移轉
RPQPMLQLLHGGFEA77DA,行義段二小段,174.34,都市：其他:第二種住宅區。,10000,584,持分移轉
RPWNMLLJMHGGFEA57DA,振興段四小段,12.00,都市：其他:第三種商業區。,16,1,持分移轉
RPWNMLLJMHGGFEA57DA,振興段四小段,12.00,都市：其他:第三種商業區。,16,1,持分移轉
RPUNMLLJMHGGFEA37DA,行義段四小段,13.05,都市：其他:第三種住宅區。,10000,333,持分移轉
RPPNMLKMLHGGFEA96DA,大業段三小段,3.23,都市：其他:第三種商業區。,10000,12,持分移轉
RPPPMLLMLHGGFEA27DA,福順段一小段,29.25,都市：其他:第三之二種住宅區 但是否在第三種住宅區(應依建築線或俟地籍測量分割後，再確定)。,20000,390,持分移轉
RPVNMLLJMHGGFEA47DA,秀山段二小段,53.55,都市：其他:第三種住宅區。,13000,214,持分移轉
RPTPMLLMLHGGFEA67DA,關渡段三小段,27.50,都市：其他:第二種住宅區。,10000,112,持分移轉
RPUNMLLMLHGGFEA57DA,天山段二小段,23.66,都市：其他:第三種住宅區。,4420,33,持分移轉
RPQOMLLMLHGGFEA27DA,富安段三小段,42.00,都市：其他:遊樂區(細部計畫尚未完成，尚未能准許依變更後計畫用途使用)。,2,1,持分移轉
RPROMLLMLHGGFEA37DA,三玉段三小段,122.02,都市：其他:第三種住宅區。,10000,820,持分移轉
RPPRMLRKKHGGFFA87DA,懷生段一小段,29.50,都市：其他:第三種住宅區。,4,1,持分移轉
RPWNMLOLLHGGFFA08DA,龍泉段三小段,27.75,都市：其他:第三種住宅區。,4,1,持分移轉
RPWNMLOLLHGGFFA08DA,龍泉段三小段,1.25,都市：其他:道路用地(公共設施用地)。44/7/5,4,1,持分移轉
RPTNMLMLKHGGFFA47DA,仁愛段五小段,7.30,都市：其他:第四之一種住宅區(特)。,20000,716,持分移轉
RPTNMLMLKHGGFFA47DA,仁愛段五小段,7.30,都市：其他:第四之一種住宅區(特)。,20000,716,持分移轉
RPPNMLNLLHGGFFA27DA,大安段二小段,.14,都市：其他:第參種商業區(依都市計畫說明書圖規定辦理，始得作第參種商業區使用)(原屬第貳種商業區)。,827,116,持分移轉
RPPNMLNLLHGGFFA27DA,大安段二小段,2.52,都市：其他:第參種商業區(依都市計畫說明書圖規定辦理，始得作第參種商業區使用)(原屬第貳種商業區)。,827,116,持分移轉
RPPNMLNLLHGGFFA27DA,大安段二小段,16.43,都市：其他:第參種商業區(依都市計畫說明書圖規定辦理，始得作第參種商業區使用)(原屬第參種住宅區及第貳種商業區)。,10000,194,持分移轉
RPPNMLNLLHGGFFA27DA,大安段二小段,3.51,都市：其他:第參種商業區(依都市計畫說明書圖規定辦理，始得作第參種商業區使用)(原屬第參種住宅區及第貳種商業區)。,827,116,持分移轉
RPROMLRKKHGGFAA37EA,實踐段一小段,27.93,都市：其他:第三種住宅區。,10000,151,持分移轉
RPUOMLTLLHGGFFA48DA,辛亥段一小段,8.98,都市：其他:第三種住宅區。,100000,643,持分移轉
RPUOMLTLLHGGFFA48DA,辛亥段一小段,.17,都市：其他:第三種住宅區。,100000,12,持分移轉
RPWOMLTLLHGGFFA68DA,辛亥段一小段,15.13,都市：其他:第三種住宅區。,100000,1083,持分移轉
RPWOMLTLLHGGFFA68DA,辛亥段一小段,.17,都市：其他:第三種住宅區。,100000,12,持分移轉
RPXOMLLMLHGGFFA08DA,大安段三小段,15.20,都市：其他:第三種住宅區。,10000,200,持分移轉
RPUNMLLJMHGGFAA07EA,景美段四小段,1.73,都市：其他:第三種商業區。,10000,14,持分移轉
RPOOMLLJMHGGFAA56EA,實踐段一小段,37.06,都市：其他:第三種住宅區。,16,1,持分移轉
RPOOMLLJMHGGFAA56EA,實踐段一小段,2.44,都市：其他:道路用地(公共設施用地)。61/2/7,16,1,持分移轉
RPTNMLLJMHGGFAA96EA,景美段四小段,1.36,都市：其他:第三種商業區。,10000,11,持分移轉
RPROMLLJMHGGFAA86EA,華興段三小段,33.67,都市：其他:第三種住宅區。,10000,257,持分移轉
RPPOMLLJMHGGFAA66EA,南海段二小段,.06,都市：其他:第參種商業區(依都市計畫說明書圖規定辦理，始得作第參種商業區使用)(原屬第肆種住宅區)。,10000,2,持分移轉
RPROMLLJMHGGFBA96EA,城中段一小段,4.78,都市：其他:第四種商業區。,100000,497,持分移轉
RPROMLLJMHGGFBA96EA,城中段一小段,.49,都市：其他:第四種商業區。,100000,497,持分移轉
RPSOMLLJMHGGFBA07EA,華中段三小段,21.00,都市：其他:第三種住宅區。,1,1,全筆移轉
RPSOMLLJMHGGFBA07EA,華中段三小段,1.00,都市：其他:第三種住宅區。,1,1,全筆移轉
RPUNMLLJMHGGFCA27EA,文德段二小段,28.86,都市：其他:第三種住宅區。,160000,1413,持分移轉
RPVNMLLJMHGGFCA37EA,文德段二小段,15.73,都市：其他:第三種住宅區。,160000,770,持分移轉
RPTOMLLJMHGGFBA17EA,雙園段三小段,27.30,都市：其他:第三種住宅區。,10000,96,持分移轉
RPWNMLLJMHGGFCA47EA,文德段二小段,15.71,都市：其他:第三種住宅區。,160000,769,持分移轉
RPXNMLLJMHGGFCA57EA,文德段二小段,28.92,都市：其他:第三種住宅區。,160000,1416,持分移轉
RPOOMLLJMHGGFCA76EA,文德段二小段,23.20,都市：其他:第三種住宅區。,160000,1136,持分移轉
RPPOMLLJMHGGFCA86EA,文德段二小段,14.09,都市：其他:第三種住宅區。,160000,690,持分移轉
RPQOMLLJMHGGFCA96EA,文德段二小段,15.73,都市：其他:第三種住宅區。,160000,770,持分移轉
RPPQMLOLLHGGFCA47EA,康寧段三小段,18.32,都市：其他:第三種商業區。,100000,1860,持分移轉
RPROMLLJMHGGFCA07EA,文德段二小段,28.92,都市：其他:第三種住宅區。,160000,1416,持分移轉
RPPOMLLMLHGGFCA07EA,正義段四小段,11.00,都市：其他:第三種商業區。,1,1,全筆移轉
RPPOMLLMLHGGFCA07EA,正義段四小段,5.00,都市：其他:第三種商業區。,1,1,全筆移轉
RPPOMLLMLHGGFCA07EA,正義段四小段,113.00,都市：其他:第三種商業區。,1,1,全筆移轉
RPSQMLLJMHGGFCA37EA,碧湖段三小段,9.79,都市：其他:第一種商業區。,91800,1971,持分移轉
RPSQMLLJMHGGFCA37EA,碧湖段三小段,9.79,都市：其他:第一種商業區。,91800,1971,持分移轉
RPSNMLQJMHGGFCA57EA,吉林段二小段,.58,都市：其他:第三種住宅區。,10000,193,持分移轉
RPSNMLQJMHGGFCA57EA,吉林段二小段,30.84,都市：其他:第三種住宅區。,10000,193,持分移轉
RPSNMLQJMHGGFCA57EA,吉林段二小段,.17,都市：其他:道路用地(公共設施用地)。60/8/19,10000,193,持分移轉
RPPOMLTLLHGGFAA57EA,永昌段二小段,63.00,都市：其他:第三之一種住宅區。,2,1,持分移轉
RPTQMLLJMHGGFCA47EA,東湖段一小段,9.28,都市：其他:第三種住宅區。,200000,218,持分移轉
RPTQMLLJMHGGFCA47EA,東湖段一小段,9.28,都市：其他:第三種住宅區。,200000,218,持分移轉
RPPPMLQJMHGGFCA47EA,金泰段,16.39,都市：其他:商業區(供一般商業使用不得作住宅使用)。,10000,107,持分移轉
RPXOMLOLLHGGFDA18EA,經貿段,30.98,都市：其他:住宅區(供住宅使用)。,10000,323,持分移轉
RPVOMLPLLHGGFDA08EA,西松段二小段,23.50,都市：其他:第三種住宅區。,4,1,持分移轉
RPOPMLOLLHGGFDA37EA,信義段三小段,6.73,都市：其他:特定業務區(信義計畫特定專用區)。,20000,41,持分移轉
RPOPMLOLLHGGFDA37EA,信義段三小段,6.73,都市：其他:特定業務區(信義計畫特定專用區)。,20000,41,持分移轉
RPVOMLTLLHGGFDA48EA,西松段一小段,7.33,都市：其他:道路用地(公共設施用地)。,3,1,持分移轉
RPVOMLTLLHGGFDA48EA,西松段一小段,40.33,都市：其他:第三種住宅區。,3,1,持分移轉
RPXOMLTLLHGGFDA68EA,南港段二小段,21.56,都市：其他:第三種商業區。,10000,594,持分移轉
RPRPMLTLLHGGFDA18EA,寶清段一小段,21.59,都市：其他:第三種住宅區。,33106,85,持分移轉
RPUOMLLJMHGGFDA47EA,美仁段二小段,4.38,都市：其他:第參種商業區(依都市計畫說明書圖規定辦理，始得作第參種商業區使用)(原屬第貳種商業區)。,100000000,570000,持分移轉
RPUOMLLJMHGGFDA47EA,美仁段二小段,5.81,都市：其他:第三種住宅區。,100000000,570000,持分移轉
RPSPMLLJMHGGFDA37EA,寶清段一小段,26.00,都市：其他:第三種商業區。,4,1,持分移轉
RPOPMLTLLHGGFDA87EA,中南段二小段,18.97,都市：其他:第三種住宅區。,30000,260,持分移轉
RPOPMLTLLHGGFDA87EA,中南段二小段,18.97,都市：其他:第三種住宅區。,30000,260,持分移轉
RPXNMLLJMHGGFEA77EA,桃源段二小段,15.60,都市：其他:第三種住宅區。,100000,4487,持分移轉
RPOOMLLJMHGGFEA96EA,桃源段二小段,17.18,都市：其他:第三種住宅區。,100000,4941,持分移轉
RPPOMLLJMHGGFEA07EA,桃源段二小段,21.99,都市：其他:第三種住宅區。,100000,6324,持分移轉
RPROMLLJMHGGFEA27EA,桃源段二小段,21.99,都市：其他:第三種住宅區。,100000,6324,持分移轉
RPQOMLLJMHGGFEA17EA,桃源段二小段,18.53,都市：其他:第三種住宅區。,100000,5330,持分移轉
RPTOMLLJMHGGFEA47EA,桃源段二小段,22.65,都市：其他:第三種住宅區。,100000,6515,持分移轉
RPXNMLQJMHGGFFA38EA,通化段五小段,.01,都市：其他:第參種商業區(依都市計畫說明書圖規定辦理，始得作第參種商業區使用)(原屬第貳種商業區)。,10000000000,100000,持分移轉
RPXNMLQJMHGGFFA38EA,通化段五小段,.00,都市：其他:第參種商業區(依都市計畫說明書圖規定辦理，始得作第參種商業區使用)(原屬第參種住宅區)。,10000000000,100000,持分移轉
RPUOMLLJMHGGFFA67EA,學府段一小段,3.19,都市：其他:第參種商業區(依都市計畫說明書圖規定辦理，始得作第參種商業區使用)(原屬第貳種商業區)。,100000,443,持分移轉
RPUOMLLJMHGGFFA67EA,學府段一小段,.54,都市：其他:第參種商業區(依都市計畫說明書圖規定辦理，始得作第參種商業區使用)(原屬第參之壹種住宅區及第貳種商業區應依建築線或俟地籍測量分割後，再確定)。,100000,443,持分移轉
RPVOMLLJMHGGFEA67EA,桃源段二小段,17.12,都市：其他:第三種住宅區。,100000,4717,持分移轉
RPUNMLQJMHGGFEA97EA,新民段二小段,14.36,都市：其他:特定觀光商業專用區。,100000,393,持分移轉
RPTOMLKMLHGGFFA67EA,懷生段二小段,12.19,都市：其他:第三種住宅區。,10000,521,持分移轉
RPVNMLQJMHGGFEA08EA,奇岩段三小段,8.12,都市：其他:第三種住宅區。,3600000000,46800000,持分移轉
RPVNMLQJMHGGFEA08EA,奇岩段三小段,.16,都市：其他:道路用地(公共設施用地)。67/10/17,3600000000,46800000,持分移轉
RPPOMLQJMHGGFFA67EA,大安段三小段,19.39,都市：其他:第三種住宅區。,90827,35,持分移轉
RPQPMLLJMHGGFEA27EA,天母段二小段,4.58,都市：其他:第三種住宅區。,200000,244,持分移轉
RPTNMLQJMHGGFEA87EA,百齡段三小段,37.97,都市：其他:第參種工業區(不得作住宅使用)。,24000,296,持分移轉
RPTNMLQJMHGGFEA87EA,百齡段三小段,37.97,都市：其他:第參種工業區(不得作住宅使用)。,24000,296,持分移轉
RPTNMLQJMHGGFEA87EA,百齡段三小段,.51,都市：其他:第參種工業區(不得作住宅使用)。,24000,296,持分移轉
RPTNMLQJMHGGFEA87EA,百齡段三小段,.51,都市：其他:第參種工業區(不得作住宅使用)。,24000,296,持分移轉
RPTNMLQJMHGGFEA87EA,百齡段三小段,.39,都市：其他:第參種工業區(不得作住宅使用)。,24000,296,持分移轉
RPTNMLQJMHGGFEA87EA,百齡段三小段,.39,都市：其他:第參種工業區(不得作住宅使用)。,24000,296,持分移轉
RPTNMLQJMHGGFEA87EA,百齡段三小段,3.28,都市：其他:第參種工業區(不得作住宅使用)。,24000,592,持分移轉
RPWPMLQJMHGGFDA28EA,寶清段一小段,26.92,都市：其他:第三種住宅區。,33106,106,持分移轉
RPQQMLQJMHGGFDA77EA,永吉段三小段,40.25,都市：其他:第三種住宅區。,4,1,持分移轉
RPQQMLQJMHGGFDA77EA,永吉段三小段,10.50,都市：其他:道路用地(公共設施用地)。51/2/2,4,1,持分移轉
RPWNMLRKKHGGFEA18EA,崇仰段三小段,29.15,都市：其他:第三種住宅區。,100000,1896,持分移轉
RPWNMLRKKHGGFEA18EA,崇仰段三小段,13.43,都市：其他:第參種商業區(依都市計畫說明書圖規定辦理，始得作第參種商業區使用)(原屬第參種住宅區)。,100000,1896,持分移轉
RPXNMLRKKHGGFEA28EA,崇仰段三小段,24.71,都市：其他:第三種住宅區。,100000,1607,持分移轉
RPXNMLRKKHGGFEA28EA,崇仰段三小段,11.38,都市：其他:第參種商業區(依都市計畫說明書圖規定辦理，始得作第參種商業區使用)(原屬第參種住宅區)。,100000,1607,持分移轉
RPRQMLQJMHGGFDA87EA,美仁段一小段,.18,都市：其他:第三種住宅區。,100000,18,持分移轉
RPTQMLQJMHGGFDA08EA,信義段一小段,9.17,都市：其他:第參種商業區(依都市計畫說明書圖規定辦理，始得作第參種商業區使用)(原屬第參之壹種住宅區)。,12,1,持分移轉
RPRNMLRJMHGGFDA67EA,敦化段二小段,13.25,都市：其他:第參種商業區(依都市計畫說明書圖規定辦理，始得作第參種商業區使用)(原屬第貳種商業區)。,10000,69,持分移轉
RPRQMLRJMHGGFDA97EA,信義段一小段,23.75,都市：其他:第參種商業區(依都市計畫說明書圖規定辦理，始得作第參種商業區使用)(原屬第參之壹種住宅區)。,4,1,持分移轉
RPRQMLRJMHGGFDA97EA,信義段一小段,20.79,都市：其他:道路用地(公共設施用地)。51/9/1,60000,11996,持分移轉
RPQOMLKMLHGGFFA37EA,仁愛段五小段,3.72,都市：其他:第肆種商業區(依都市計畫說明書圖規定辦理，始得作第肆種商業區使用)(原屬第貳種商業區)。,10000,245,持分移轉
RPQOMLKMLHGGFFA37EA,仁愛段五小段,3.65,都市：其他:第肆種商業區(依都市計畫說明書圖規定辦理，始得作第肆種商業區使用)(原屬第貳種商業區)。,10000,245,持分移轉
RPQOMLKMLHGGFFA37EA,仁愛段五小段,3.65,都市：其他:第肆種商業區(依都市計畫說明書圖規定辦理，始得作第肆種商業區使用)(原屬第貳種商業區)。,10000,245,持分移轉
RPSNMLRJMHGGFFA97EA,通化段三小段,9.00,都市：其他:道路用地(公共設施用地)。,1,1,全筆移轉
RPROMLKMLHGGFFA47EA,金華段三小段,61.48,都市：其他:第三種住宅區。,100000,4855,持分移轉
RPTOMLQJMHGGFEA97EA,蘭雅段二小段,23.50,都市：其他:第三種住宅區。,4,1,持分移轉
RPPPMLQJMHGGFEA67EA,立農段五小段,27.75,都市：其他:第三種住宅區。,4,1,持分移轉
RPPPMLQJMHGGFEA67EA,立農段五小段,.20,都市：其他:道路用地(公共設施用地)。66/10/21,5,1,持分移轉
RPVOMLQJMHGGFEA18EA,三玉段二小段,13.19,都市：其他:第參種商業區(依都市計畫說明書圖規定辦理，始得作第參種商業區使用)(原屬第壹種商業區) 但是否在道路用地(公共設施用地)(應依建築線或俟地籍測量分割後，再確定)。,20000,94,持分移轉
RPUOMLQJMHGGFEA08EA,三玉段二小段,11.50,都市：其他:第參種商業區(依都市計畫說明書圖規定辦理，始得作第參種商業區使用)(原屬第壹種商業區) 但是否在道路用地(公共設施用地)(應依建築線或俟地籍測量分割後，再確定)。,10000,41,持分移轉
RPTPMLTLLHGGFDA38EA,南港段三小段,60.50,都市：其他:策略型工業區(不得作住宅使用)。90/9/28,10000,146,持分移轉
RPOPMLQJMHGGFEA57EA,立農段五小段,38.59,都市：其他:第三種住宅區。,1000,170,持分移轉
RPSPMLTLLHGGFDA28EA,寶清段三小段,34.00,都市：其他:第三之一種住宅區。,4,1,持分移轉
RPPPMLTLLHGGFDA97EA,信義段五小段,.20,都市：其他:住宅區(信義計畫特定專用區)。,100000000000000,9599000000,持分移轉
RPPPMLTLLHGGFDA97EA,信義段五小段,.21,都市：其他:住宅區(信義計畫特定專用區)。,100000000000000,9599000000,持分移轉
RPQPMLTLLHGGFDA08EA,南港段四小段,34.37,都市：其他:第三種住宅區。,3172,69,持分移轉
RPVNMLRJMHGGFCA97EA,正義段一小段,2.96,都市：其他:第肆種商業區(依都市計畫說明書圖規定辦理，始得作第肆種商業區使用)(原屬第參種住宅區及第參之貳種住宅區)。,10000,20,持分移轉
RPRPMLOLLHGGFDA67EA,寶清段三小段,12.70,都市：其他:第三之一種住宅區。,20000000000,82200000,持分移轉
RPRPMLOLLHGGFDA67EA,寶清段三小段,1.42,都市：其他:第三種住宅區。,20000000000,82200000,持分移轉
RPROMLRJMHGGFCA67EA,西湖段一小段,39.00,都市：其他:第三種住宅區。,10000,121,持分移轉
RPOPMLNLKHGGFDA17EA,福德段二小段,29.75,都市：其他:第三種住宅區。,4,1,持分移轉
RPOPMLNLKHGGFDA17EA,福德段二小段,6.00,都市：其他:道路用地(公共設施用地)。51/9/1,4,1,持分移轉
RPXOMLQJMHGGFCA18EA,榮星段二小段,11.75,都市：其他:第三種住宅區。,4,1,持分移轉
RPXOMLQJMHGGFCA18EA,榮星段二小段,37.75,都市：其他:第三種住宅區。,4,1,持分移轉
RPQQMLOLLHGGFCA57EA,吉林段二小段,1.48,都市：其他:第貳種商業區(依都市計畫說明書圖規定辦理，始得作第貳種商業區使用)(原屬第參種住宅區)。,10000,106,持分移轉
RPQQMLOLLHGGFCA57EA,吉林段二小段,7.42,都市：其他:第三種住宅區。,10000,106,持分移轉
RPPOMLOLLHGGFDA37EA,逸仙段二小段,34.33,都市：其他:第四種住宅區。,10000,368,持分移轉
RPVOMLQJMHGGFCA97EA,中山段一小段,5.00,都市：其他:第肆種商業區(依都市計畫說明書圖規定辦理，始得作第肆種商業區使用)(原屬第參種商業區)。,10000,62,持分移轉
RPRQMLOLLHGGFCA67EA,中山段一小段,3.62,都市：其他:第肆種商業區(依都市計畫說明書圖規定辦理，始得作第肆種商業區使用)(原屬第參種商業區)。,5320,58,持分移轉
RPVOMLLJMHGGFBA37EA,漢中段二小段,.47,都市：其他:第四種商業區。,100000000,10000,持分移轉
RPXQMLKKLHGGFCA77EA,德惠段二小段,.19,都市：其他:第三之二種住宅區。,10000,2,持分移轉
RPXQMLKKLHGGFCA77EA,德惠段二小段,.04,都市：其他:第三種住宅區。,10000,2,持分移轉
RPXQMLKKLHGGFCA77EA,德惠段二小段,.04,都市：其他:第三種住宅區。,10000,2,持分移轉
RPXQMLKKLHGGFCA77EA,德惠段二小段,.23,都市：其他:第三之二種住宅區。,10000,2,持分移轉
RPSOMLRJMHGGFBA67EA,青年段二小段,37.86,都市：其他:第三種住宅區。,100000,230,持分移轉
RPSOMLRJMHGGFBA67EA,青年段二小段,.30,都市：其他:第三之一種住宅區。,100000,230,持分移轉
RPSOMLRJMHGGFBA67EA,青年段一小段,1.60,都市：其他:第三種住宅區。,100000,230,持分移轉
RPSOMLRJMHGGFBA67EA,青年段一小段,.76,都市：其他:第三之一種住宅區。,100000,230,持分移轉
RPOQMLOLLHGGFCA37EA,榮星段二小段,26.39,都市：其他:第三種住宅區。,10000,61,持分移轉
RPOOMLQJMHGGFAA07EA,河堤段三小段,26.07,都市：其他:第三種住宅區。,10000,776,持分移轉
RPROMLQJMHGGFBA47EA,圓環段二小段,4.73,都市：其他:聯合開發區(捷)(依都市計畫說明書圖規定辦理)。,100000,322,持分移轉
RPROMLQJMHGGFBA47EA,圓環段二小段,4.99,都市：其他:聯合開發區(捷)(依都市計畫說明書圖規定辦理)。,100000,340,持分移轉
RPUNMLMKLHGGFAA17EA,永昌段四小段,19.11,都市：其他:第三種住宅區。,80,1,持分移轉
RPUNMLMKLHGGFAA17EA,永昌段四小段,.02,都市：其他:道路用地(公共設施用地)。,80,1,持分移轉
RPUNMLMKLHGGFAA17EA,永昌段四小段,.02,都市：其他:道路用地(公共設施用地)。,80,1,持分移轉
RPUNMLMKLHGGFAA17EA,永昌段四小段,.01,都市：其他:道路用地(公共設施用地)。,80,1,持分移轉
RPTOMLSKLHGGFFA18DA,通化段一小段,32.09,都市：其他:第三種住宅區。,312,19,持分移轉
RPVNMLMLLHGGFFA77DA,仁愛段三小段,12.50,都市：其他:第四種住宅區。,20000,103,持分移轉
RPVNMLMLLHGGFFA77DA,仁愛段三小段,12.50,都市：其他:第四種住宅區。,20000,103,持分移轉
RPTNMLQJMHGGFEA77DA,溫泉段一小段,5.75,都市：其他:特定觀光商業專用區。,10000,31,持分移轉
RPPOMLQKLHGGFFA57DA,大安段三小段,7.69,都市：其他:第三種住宅區。,10000,70,持分移轉
RPOQMLRJMHGGFFA77DA,仁愛段三小段,26.98,都市：其他:第四種住宅區。,10000,1178,持分移轉
RPRNMLRJMHGGFEA67DA,關渡段二小段,36.68,都市：其他:第三之二種住宅區。,28,1,持分移轉
RPXNMLKMLHGGFEA77DA,芝山段一小段,21.00,都市：其他:第三種住宅區。,4,1,持分移轉
RPQNMLNJMHGGFEA17DA,奇岩段五小段,25.79,都市：其他:第三種住宅區。,10000,395,持分移轉
RPSNMLRJMHGGFEA77DA,關渡段二小段,36.68,都市：其他:第三之二種住宅區。,28,1,持分移轉
RPRNMLNJMHGGFEA27DA,行義段一小段,16.94,都市：其他:第二種住宅區。,10000,106,持分移轉
RPTNMLTLLHGGFEA18DA,蘭雅段三小段,6.73,都市：其他:第三種住宅區。,10000,74,持分移轉
RPPNMLLJMHGGFDA76DA,中南段五小段,30.01,都市：其他:第二種住宅區 但是否在道路用地(公共設施用地)(應依建築線或俟地籍測量分割後，再確定)。,10000,117,持分移轉
RPTNMLQKLHGGFEA77DA,海光段三小段,9.35,都市：其他:第一種商業區。,10000,241,持分移轉
RPTNMLQKLHGGFEA77DA,海光段三小段,1.83,都市：其他:第三種住宅區。,10000,241,持分移轉
RPUNMLLJMHGGFDA27DA,信義段三小段,9.36,都市：其他:特定業務區(信義計畫特定專用區)。,100000,225,持分移轉
RPXNMLLJMHGGFDA57DA,民生段,1.99,都市：其他:第三種商業區(民生社區特定專用區)。,100000,44,持分移轉
RPVOMLLJMHGGFDA47DA,敦化段一小段,20.67,都市：其他:第三種住宅區。,6,1,持分移轉
RPOQMLLJMHGGFDA96DA,玉成段一小段,14.75,都市：其他:第參種工業區(不得作住宅使用)。,8,1,持分移轉
RPOQMLLJMHGGFDA96DA,玉成段一小段,14.75,都市：其他:第參種工業區(不得作住宅使用)。,8,1,持分移轉
RPTPMLLJMHGGFDA37DA,祥和段三小段,18.03,都市：其他:第三種住宅區。,90000,381,持分移轉
RPPNMLMJMHGGFDA86DA,中南段二小段,29.78,都市：其他:第三種住宅區。,10000,97,持分移轉
RPSNMLPJLHGGFEA47DA,洲美段二小段,2414.00,都市：其他:農業區。,1,1,全筆移轉
RPTNMLPJLHGGFEA57DA,洲美段二小段,1243.00,都市：其他:農業區。,1,1,全筆移轉
RPRNMLKLLHGGFEA07DA,奇岩段一小段,72.39,都市：其他:第二種住宅區 但是否在道路用地(公共設施用地)(應依建築線或俟地籍測量分割後，再確定)。,20000,147,持分移轉
RPRNMLKLLHGGFEA07DA,奇岩段一小段,72.39,都市：其他:第二種住宅區 但是否在道路用地(公共設施用地)(應依建築線或俟地籍測量分割後，再確定)。,200000000,1470000,持分移轉
RPRNMLKLLHGGFEA07DA,奇岩段一小段,.14,都市：其他:第三種住宅區。,10000,1,持分移轉
RPRNMLKLLHGGFEA07DA,奇岩段一小段,.14,都市：其他:第三種住宅區。,100000000,10000,持分移轉
RPRNMLKLLHGGFEA07DA,奇岩段一小段,.19,都市：其他:第二種住宅區。,10000,1,持分移轉
RPRNMLKLLHGGFEA07DA,奇岩段一小段,.19,都市：其他:第二種住宅區。,100000000,10000,持分移轉
RPPNMLNJMHGGFDA96DA,中南段四小段,17.30,都市：其他:市場用地(公共設施用地)。61/11/18,100000,1437,持分移轉
RPPPMLQJMHGGFDA47DA,中南段一小段,23.61,都市：其他:特定商業區(依都市計畫說明書圖規定辦理)(不得作住宅使用)。,200000,2417,持分移轉
RPPPMLQJMHGGFDA47DA,中南段一小段,23.61,都市：其他:特定商業區(依都市計畫說明書圖規定辦理)(不得作住宅使用)。,200000,2417,持分移轉
RPQQMLRJMHGGFDA77DA,西松段一小段,.43,都市：其他:第三之一種住宅區。,10000,116,持分移轉
RPQQMLRJMHGGFDA77DA,西松段一小段,21.91,都市：其他:第三種住宅區。,10000,116,持分移轉
RPWNMLOLLHGGFDA87DA,新光段三小段,23.32,都市：其他:第三種住宅區。,10000,141,持分移轉
RPVNMLOLLHGGFDA77DA,雅祥段四小段,2.70,都市：其他:第二種商業區。,100000,171,持分移轉
RPVNMLOLLHGGFDA77DA,雅祥段四小段,1.13,都市：其他:第三種住宅區。,100000,171,持分移轉
RPQNMLQLLHGGFDA47DA,寶清段七小段,4.64,都市：其他:第三種商業區。,200000,428,持分移轉
RPQNMLQLLHGGFDA47DA,寶清段七小段,4.64,都市：其他:第三種商業區。,200000,428,持分移轉
RPVPMLTKLHGGFDA38DA,西松段三小段,27.00,都市：其他:第三種住宅區。,4,1,持分移轉
RPOOMLQLLHGGFDA37DA,寶清段七小段,22.13,都市：其他:第三種商業區。,100000,1020,持分移轉
RPXOMLSKLHGGFDA38DA,新光段二小段,21.15,都市：其他:住宅區。,38000,20,持分移轉
RPUNMLPKLHGGFDA67DA,逸仙段二小段,35.78,都市：其他:第四之一種住宅區(特)。,420000,17892,持分移轉
RPUNMLPKLHGGFDA67DA,逸仙段二小段,3.62,都市：其他:道路用地(公共設施用地)。61/3/27,420000,17892,持分移轉
RPRNMLNJMHGGFCA07DA,碧湖段三小段,34.31,都市：其他:第三種住宅區。,1748,25,持分移轉
RPPNMLTJLHGGFDA47DA,信義段三小段,64.32,都市：其他:特定業務區(信義計畫特定專用區)。,100000,3387,持分移轉
RPPNMLTJLHGGFDA47DA,信義段三小段,54.23,都市：其他:特定業務區(信義計畫特定專用區)。,100000,3387,持分移轉
RPPNMLLMLHGGFCA86DA,碧湖段四小段,30.75,都市：其他:第三種住宅區。,8,1,持分移轉
RPQNMLRJMHGGFCA37DA,金泰段,13.85,都市：其他:商業區(供一般商業使用不得作住宅使用)。,100000,560,持分移轉
RPPRMLKMLHGGFCA17DA,正義段二小段,26.33,都市：其他:第肆種商業區(依都市計畫說明書圖規定辦理，始得作第肆種商業區使用)(原屬第參種住宅區)。,3,1,持分移轉
RPPNMLNJMHGGFCA86DA,東湖段二小段,18.01,都市：其他:第二種住宅區。,10000,126,持分移轉
RPRSMLLMLHGGFCA57DA,中山段二小段,.84,都市：其他:第三種商業區。,100000,397,持分移轉
RPRSMLLMLHGGFCA57DA,中山段二小段,6.37,都市：其他:第三種商業區。,100000,1287,持分移轉
RPQSMLLMLHGGFCA47DA,中山段三小段,5.19,都市：其他:第肆種商業區(依都市計畫說明書圖規定辦理，始得作第肆種商業區使用)(原屬第參種商業區)。,20000,56,持分移轉
RPVQMLLJMHGGFCA57DA,文德段四小段,27.45,都市：其他:第三種住宅區。,20,1,持分移轉
RPORMLLJMHGGFCA96DA,東湖段三小段,39.64,都市：其他:第三種住宅區。,10000,106,持分移轉
RPTNMLSKLHGGFCA77DA,長安段三小段,12.60,都市：其他:第三種住宅區。,100000,2850,持分移轉
RPPPMLNLLHGGFCA17DA,北安段二小段,30.72,都市：其他:第三種住宅區。,10000,280,持分移轉
RPSQMLQKLHGGFCA77DA,中山段三小段,10.94,都市：其他:第肆種商業區(依都市計畫說明書圖規定辦理，始得作第肆種商業區使用)(原屬第參種商業區)。,10000,226,持分移轉
RPPQMLSKLHGGFCA67DA,正義段三小段,5.68,都市：其他:第三種商業區。,10000,142,持分移轉
RPWOMLTLLHGGFBA28DA,雙連段二小段,13.98,都市：其他:第三種商業區。,10000,160,持分移轉
RPQNMLRJMHGGFBA27DA,雙連段一小段,2.28,都市：其他:第四種住宅區。,100000000,80000,持分移轉
RPRSMLPLLHGGFCA87DA,吉林段五小段,6.21,都市：其他:第肆種商業區(依都市計畫說明書圖規定辦理，始得作第肆種商業區使用)(原屬第參種商業區)。,10000000000,17500000,持分移轉
RPSRMLPKLHGGFCA77DA,碧湖段四小段,18.93,都市：其他:第三種住宅區。,21876000,75945,持分移轉
RPSRMLPKLHGGFCA77DA,碧湖段四小段,18.93,都市：其他:第三種住宅區。,21876000,75945,持分移轉
RPSRMLPKLHGGFCA77DA,碧湖段四小段,.01,都市：其他:道路用地(公共設施用地)。65/2/14,21876000,75945,持分移轉
RPSRMLPKLHGGFCA77DA,碧湖段四小段,.01,都市：其他:道路用地(公共設施用地)。65/2/14,21876000,75945,持分移轉
RPPPMLKLKHGGFCA76DA,中山段三小段,27.70,都市：其他:第肆種商業區(依都市計畫說明書圖規定辦理，始得作第肆種商業區使用)(原屬第參種商業區)。,10000,570,持分移轉
RPQOMLRJMHGGFBA37DA,延平段一小段,.29,都市：其他:第三種商業區。,10000,52,持分移轉
RPQOMLRJMHGGFBA37DA,延平段一小段,.28,都市：其他:特定專用區(供一般商業使用)。,10000,52,持分移轉
RPQOMLRJMHGGFBA37DA,延平段一小段,2.26,都市：其他:第三種商業區。,10000,52,持分移轉
RPQOMLRJMHGGFBA37DA,延平段一小段,2.18,都市：其他:特定專用區(供一般商業使用)。,10000,52,持分移轉
RPRQMLLJKHGGFCA96DA,石潭段四小段,17.73,都市：其他:第壹種商業區(依都市計畫說明書圖規定辦理，始得作第壹種商業區使用)(原屬第參之壹種住宅區)。,10000,214,持分移轉
RPRQMLLJKHGGFCA96DA,石潭段四小段,.36,都市：其他:第三種住宅區。,10000,214,持分移轉
RPXOMLLJMHGGFBA47DA,萬華段二小段,8.85,都市：其他:第參種商業區(依都市計畫說明書圖規定辦理，始得作第參種商業區使用)(原屬第參種住宅區)。,2372000,23464,持分移轉
RPXOMLLJMHGGFBA47DA,萬華段二小段,.82,都市：其他:第三種商業區。,2372000,23464,持分移轉
RPPOMLQJMHGGFBA17DA,雙連段二小段,14.75,都市：其他:第四種住宅區。,4,1,持分移轉
RPPOMLQJMHGGFBA17DA,雙連段二小段,3.00,都市：其他:第四種住宅區。,4,1,持分移轉
RPVPMLMKLHGGFBA47DA,橋北段三小段,9.41,都市：其他:第三之二種住宅區。,10000,206,持分移轉
RPOPMLOLLHGGFBA07DA,青年段二小段,1.11,都市：其他:第三之一種住宅區。,8070,57,持分移轉
RPOPMLOLLHGGFBA07DA,青年段二小段,12.05,都市：其他:第三種住宅區。,8070,57,持分移轉
RPWNMLQLLHGGFBA87DA,萬大段二小段,10.36,都市：其他:第三種住宅區。,20000,361,持分移轉
RPWNMLQLLHGGFBA87DA,萬大段二小段,10.36,都市：其他:第三種住宅區。,20000,361,持分移轉
RPVNMLQJMHGGFAA57DA,興泰段二小段,13.48,都市：其他:第三種住宅區。,200000,2007,持分移轉
RPVNMLQJMHGGFAA57DA,興泰段二小段,13.48,都市：其他:第三種住宅區。,200000,2007,持分移轉
RPSNMLRJMHGGFAA37DA,景美段五小段,5.30,都市：其他:第三種商業區。,10000,61,持分移轉
RPTNMLRJMHGGFAA47DA,木柵段二小段,16.31,都市：其他:第三種住宅區。,10000,36,持分移轉
RPWNMLLJMHGGFAA17DA,永昌段五小段,26.00,都市：其他:第三種住宅區。,8,1,持分移轉
RPQNMLQKLHGGFAA07DA,木柵段四小段,18.53,都市：其他:第三種住宅區。,10000,179,持分移轉
RPRQMLQKLHGGFAA47DA,實踐段二小段,42.25,都市：其他:第三種住宅區。,4,1,持分移轉
RPSPMLNJLHGGFAA07DA,興安段一小段,24.44,都市：其他:第二種住宅區及第三種住宅區。,10000,185,持分移轉
RPQPMLTJLHGGFAA47DA,萬芳段一小段,65.80,都市：其他:第貳類住宅用地(萬芳社區特定專用區)。,28719,86,持分移轉
RPROMLQLLHGGFAA37DA,公訓段二小段,19.71,都市：其他:第三種住宅區。,400000000,1160000,持分移轉
RPUNMLPKLHGGFAA37DA,萬芳段二小段,289.65,都市：其他:第二種住宅區。,10000,85,持分移轉
RPRNMLTLLHGGFAA57DA,河堤段五小段,37.75,都市：其他:第三種住宅區。,4,1,持分移轉
RPUNMLRKLHGGFAA57DA,興隆段一小段,30.31,都市：其他:第三種住宅區。,10000,59,持分移轉
RPOOMLNLLHGGFAA76DA,福和段一小段,18.79,都市：其他:第三種住宅區。,10000,1005,持分移轉
RPSOMLQLLHGGFAA47DA,萬芳段二小段,.55,都市：其他:第二種住宅區。,10000,369,持分移轉
RPSOMLQLLHGGFAA47DA,萬芳段二小段,68.19,都市：其他:第三種住宅區。,10000,369,持分移轉
RPTOMLLMLHGGFAA17DA,河堤段五小段,41.00,都市：其他:第三種住宅區。,1,1,全筆移轉
RPQOMLRJMHGGFAA27DA,政大段二小段,41.02,都市：其他:第三種住宅區。,100000,1371,持分移轉
RPQOMLSJMHGGFAA37DA,公訓段三小段,14.53,都市：其他:第二種住宅區。,10000,11,持分移轉
RPQOMLSJMHGGFAA37DA,公訓段三小段,.19,都市：其他:第二種住宅區。,10000,11,持分移轉
RPQOMLSJMHGGFAA37DA,公訓段三小段,.39,都市：其他:第三種住宅區。,10000,11,持分移轉
RPQOMLSJMHGGFAA37DA,公訓段三小段,.65,都市：其他:第三種住宅區。,10000,11,持分移轉
RPQOMLSJMHGGFAA37DA,公訓段三小段,.17,都市：其他:第三種住宅區。,10000,11,持分移轉
RPQOMLSJMHGGFAA37DA,公訓段三小段,10.02,都市：其他:第二種住宅區。,10000,11,持分移轉
RPQOMLSJMHGGFAA37DA,公訓段三小段,.02,都市：其他:第二種住宅區。,10000,11,持分移轉
RPWNMLSJMHGGFAA87DA,興安段一小段,21.36,都市：其他:第二種住宅區。,10000,71,持分移轉
RPWNMLSJMHGGFAA87DA,興安段一小段,2.44,都市：其他:第三種住宅區。,10000,71,持分移轉
RPWNMLSJMHGGFAA87DA,興安段一小段,2.73,都市：其他:第二種住宅區及第三種住宅區。,10000,30,持分移轉
RPWPMLQKLHGGFBA97DA,直興段三小段,5.55,都市：其他:第四種商業區。,200000,802,持分移轉
RPWPMLQKLHGGFBA97DA,直興段三小段,5.55,都市：其他:第四種商業區。,200000,802,持分移轉
RPPNMLOJMHGGFBA86DA,文昌段二小段,34.25,都市：其他:第三種住宅區。,4,1,持分移轉
RPUOMLQJMHGGFBA67DA,雙園段一小段,18.63,都市：其他:第三種住宅區。,8400,51,持分移轉
RPROMLQLLHGGFCA57DA,碧湖段二小段,.26,都市：其他:第三種住宅區。,10000000000,2000000,持分移轉
RPWPMLQJMHGGFBA97DA,華江段三小段,8.50,都市：其他:第三種住宅區。,16,1,持分移轉
RPRNMLTLLHGGFBA67DA,直興段三小段,7.76,都市：其他:第四種商業區。,10000,52,持分移轉
RPRNMLTLLHGGFBA67DA,直興段三小段,.89,都市：其他:第肆種商業區(依都市計畫說明書圖規定辦理，始得作第肆種商業區使用)(原屬第肆種住宅區)。,10000,52,持分移轉
RPPRMLPLLHGGFCA57DA,文德段三小段,2.14,都市：其他:第三種住宅區。,63468,278,持分移轉
RPPRMLPLLHGGFCA57DA,文德段二小段,33.28,都市：其他:第三種住宅區。,63468,278,持分移轉
RPTNMLLLLHGGFCA17DA,金泰段,47.09,都市：其他:住宅區(供拆遷安置專案住宅使用)。,500000,224,持分移轉
RPQTMLOLLHGGFCA77DA,北安段三小段,2.14,都市：其他:第三種住宅區。,10000,20,持分移轉
RPSOMLLJMHGGFCA07DA,康寧段四小段,23.75,都市：其他:第參種商業區(依都市計畫說明書圖規定辦理，始得作第參種商業區使用)(原屬第參之壹種住宅區)。,10000,97,持分移轉
RPQSMLLJMHGGFCA27DA,吉林段五小段,5.35,都市：其他:第肆種商業區(依都市計畫說明書圖規定辦理，始得作第肆種商業區使用)(原屬第參種商業區)。,100000,392,持分移轉
RPQNMLNJMHGGFCA96DA,碧湖段一小段,15.59,都市：其他:第三種住宅區。,3600,53,持分移轉
RPUNMLRJMHGGFCA77DA,碧湖段三小段,24.84,都市：其他:第三種住宅區。,100000,17171,持分移轉
RPPOMLRJMHGGFCA37DA,吉林段四小段,.04,都市：其他:第肆種商業區(依都市計畫說明書圖規定辦理，始得作第肆種商業區使用)(原屬第參種商業區)。,10000,52,持分移轉
RPPOMLRJMHGGFCA37DA,吉林段四小段,5.84,都市：其他:第肆種商業區(依都市計畫說明書圖規定辦理，始得作第肆種商業區使用)(原屬第參種商業區)。,10000,52,持分移轉
RPSNMLRJMHGGFCA57DA,碧湖段四小段,40.25,都市：其他:第三種住宅區。,10000,83,持分移轉
RPWRMLLMLHGGFCA97DA,東湖段一小段,.00,都市：其他:道路用地(公共設施用地)。64/9/2,200000,370,持分移轉
RPWRMLLMLHGGFCA97DA,東湖段一小段,.00,都市：其他:道路用地(公共設施用地)。64/9/2,200000,370,持分移轉
RPWRMLLMLHGGFCA97DA,東湖段一小段,12.64,都市：其他:第三種住宅區。,200000,297,持分移轉
RPWRMLLMLHGGFCA97DA,東湖段一小段,12.64,都市：其他:第三種住宅區。,200000,297,持分移轉
RPOSMLLMLHGGFCA27DA,北安段三小段,13.94,都市：其他:第三種住宅區。,100000,426,持分移轉
RPOSMLLMLHGGFCA27DA,北安段三小段,9.30,都市：其他:第三種住宅區。,100000,284,持分移轉
RPTOMLRJMHGGFCA77DA,中山段一小段,11.60,都市：其他:第肆種商業區(依都市計畫說明書圖規定辦理，始得作第肆種商業區使用)(原屬第參種商業區)。,75,6,持分移轉
RPXOMLRJMHGGFCA18DA,中山段三小段,21.00,都市：其他:第肆種商業區(依都市計畫說明書圖規定辦理，始得作第肆種商業區使用)(原屬第參種商業區)。,4,1,持分移轉
RPVOMLRJMHGGFCA97DA,碧湖段二小段,10.19,都市：其他:第三種商業區。,10000,109,持分移轉
RPUOMLRJMHGGFCA87DA,東湖段六小段,25.60,都市：其他:第三種住宅區。,10000,389,持分移轉
RPWOMLRJMHGGFCA08DA,東湖段一小段,.00,都市：其他:道路用地(公共設施用地)。64/9/2,100000,398,持分移轉
RPWOMLRJMHGGFCA08DA,東湖段一小段,27.76,都市：其他:第三種住宅區。,100000,326,持分移轉
RPXNMLQJMHGGFCA97DA,西湖段一小段,.44,都市：其他:第三種住宅區。,28090000000000,2809000000,持分移轉
RPXNMLQJMHGGFCA97DA,碧湖段四小段,.02,都市：其他:第三種住宅區。,28090000000000,2809000000,持分移轉
RPURMLRJMHGGFCA18DA,德惠段四小段,3.20,都市：其他:第肆種商業區(依都市計畫說明書圖規定辦理，始得作第肆種商業區使用)(原屬第參種商業區)。,10000,59,持分移轉
RPWPMLRJMHGGFCA18DA,西湖段一小段,.92,都市：其他:第三種住宅區。,5300000,1100,持分移轉
RPWPMLRJMHGGFCA18DA,碧湖段四小段,.03,都市：其他:第三種住宅區。,5300000,1100,持分移轉
RPRNMLQLKHGGFDA47DA,玉成段四小段,10.60,都市：其他:第三種住宅區。,10000,83,持分移轉
RPUNMLPJMHGGFCA57DA,文德段二小段,21.70,都市：其他:第三種住宅區。,10000,792,持分移轉
RPRNMLQLKHGGFDA47DA,玉成段四小段,10.60,都市：其他:第三種住宅區。,10000,83,持分移轉
RPVPMLPKIIPFFDA58DA,西松段一小段,.16,都市：其他:第三之一種住宅區。,10000,43,持分移轉
RPVPMLPKIIPFFDA58DA,西松段一小段,8.12,都市：其他:第三種住宅區。,10000,43,持分移轉
RPQPMLLMLHGGFDA27DA,民生段,33.25,都市：其他:住宅用地(民生社區特定專用區)。,8,1,持分移轉
RPPNMLRJMHGGFCA27DA,中山段一小段,.18,都市：其他:第肆種商業區(依都市計畫說明書圖規定辦理，始得作第肆種商業區使用)(原屬第參種商業區)。,1000000000,100151,持分移轉
RPUPMLQJMHGGFCA87DA,中山段四小段,2.50,都市：其他:第三種商業區。,10000,212,持分移轉
RPUPMLQJMHGGFCA87DA,中山段四小段,2.54,都市：其他:第三種商業區。,10000,212,持分移轉
RPVNMLSJMHGGFDA08DA,西松段一小段,32.00,都市：其他:第三種住宅區。,5,1,持分移轉
RPWNMLLMLHGGFDA67DA,永春段一小段,2.71,都市：其他:第三種住宅區。,20000,47,持分移轉
RPWNMLLMLHGGFDA67DA,永春段一小段,2.71,都市：其他:第三種住宅區。,20000,47,持分移轉
RPWNMLLMLHGGFDA67DA,永春段一小段,3.76,都市：其他:第三之一種住宅區。,20000,47,持分移轉
RPWNMLLMLHGGFDA67DA,永春段一小段,3.76,都市：其他:第三之一種住宅區。,20000,47,持分移轉
RPWOMLRKKHGGFEA18DA,天母段四小段,28.10,都市：其他:第二種住宅區。,10000,415,持分移轉
RPWPMLTLLHGGFEA68DA,華岡段三小段,111.38,都市：其他:特定住宅區(二)。,1,1,全筆移轉
RPOOMLRJMHGGFEA47DA,桃源段四小段,20.62,都市：其他:第三種住宅區。,10000,84,持分移轉
RPOOMLRJMHGGFEA47DA,桃源段四小段,.65,都市：其他:第二種住宅區。,10000,84,持分移轉
RPPOMLRJMHGGFEA57DA,永新段四小段,29.68,都市：其他:第三種住宅區。,3740,149,持分移轉
RPVNMLRJMHGGFEA08DA,蘭雅段三小段,69.66,都市：其他:第三種住宅區。,10000,410,持分移轉
RPROMLRJMHGGFEA77DA,芝山段二小段,17.38,都市：其他:第三種住宅區。,10000,27,持分移轉
RPSNMLQJMHGGFEA67DA,三玉段三小段,44.94,都市：其他:第三種住宅區。,10000,302,持分移轉
RPQOMLPJLHGGFFA47DA,復興段二小段,1.52,都市：其他:道路用地(公共設施用地)。48/3/13,90000,2202,持分移轉
RPQOMLPJLHGGFFA47DA,復興段二小段,6.70,都市：其他:敦化南北路特定專用區(A區)(依都市計畫說明書圖規定辦理)(原屬第肆種住宅區)。,90000,2202,持分移轉
RPQOMLPJLHGGFFA47DA,復興段二小段,15.34,都市：其他:敦化南北路特定專用區(A區)(依都市計畫說明書圖規定辦理)(原屬第肆之壹種住宅區)。,90000,2202,持分移轉
RPQOMLPJLHGGFFA47DA,復興段二小段,.10,都市：其他:道路用地(公共設施用地)。60/8/26,90000,2202,持分移轉
RPQOMLQJMHGGFEA57DA,豐年段四小段,15.03,都市：其他:科技工業區(不得作住宅使用)。,100000,197,持分移轉
RPROMLQJMHGGFFA77DA,懷生段二小段,8.62,都市：其他:第三種住宅區。,16,1,持分移轉
RPSNMLSJMHGGFFA97DA,仁愛段一小段,18.90,都市：其他:第四種住宅區。,593000,17790,持分移轉
RPSOMLTKLHGGFFA18DA,大安段三小段,24.93,都市：其他:第三種住宅區。,90827,45,持分移轉
RPUPMLNLLHGGFFA97DA,通化段四小段,5.10,都市：其他:第三種住宅區。,20000,423,持分移轉
RPUPMLNLLHGGFFA97DA,通化段四小段,5.10,都市：其他:第三種住宅區。,20000,423,持分移轉
RPUPMLNLLHGGFFA97DA,通化段四小段,.19,都市：其他:第三種住宅區。,20000,423,持分移轉
RPUPMLNLLHGGFFA97DA,通化段四小段,.19,都市：其他:第三種住宅區。,20000,423,持分移轉
RPSPMLRJMHGGFFA08DA,龍泉段二小段,.38,都市：其他:第三種住宅區。,10000,8,持分移轉
RPXPMLRJMHGGFFA58DA,龍泉段二小段,25.38,都市：其他:第三種住宅區。,1000,125,持分移轉
RPVOMLKMLHGGFBA47EA,大龍段一小段,31.32,都市：其他:第三之二種住宅區 但是否在第三種住宅區(應依建築線或俟地籍測量分割後，再確定)。,100,4,持分移轉
RPVOMLMKLHGGFBA47EA,青年段一小段,47.50,都市：其他:第三種住宅區。,100000,373,持分移轉
RPTOMLMKLHGGFBA27EA,玉泉段二小段,17.71,都市：其他:第三種商業區。,10000,60,持分移轉
RPTPMLQJMHGGFBA77EA,橋北段一小段,20.75,都市：其他:第三種住宅區。,4,1,持分移轉
RPWOMLQJMHGGFBA97EA,城中段一小段,6.31,都市：其他:第四種商業區。,10000,263,持分移轉
RPSOMLMKLHGGFBA17EA,玉泉段二小段,13.58,都市：其他:第三種商業區。,10000,46,持分移轉
RPOOMLRJMHGGFBA27EA,大龍段三小段,17.82,都市：其他:第參種商業區(依都市計畫說明書圖規定辦理，始得作第參種商業區使用)(原屬第肆之壹種住宅區容積率依都市計畫書規定辦理)。,10000,380,持分移轉
RPOPMLQJMHGGFBA27EA,延平段二小段,15.33,都市：其他:特定專用區(供一般商業使用)。,10000,811,持分移轉
RPOOMLRJMHGGFBA27EA,大龍段三小段,9.58,都市：其他:第四種住宅區。,10000,380,持分移轉
RPROMLRJMHGGFBA57EA,雙園段三小段,15.75,都市：其他:第三種住宅區。,4,1,持分移轉
RPWOMLQJMHGGFCA08EA,榮星段四小段,8.92,都市：其他:第三之二種住宅區。,600000,6033,持分移轉
RPWOMLQJMHGGFCA08EA,榮星段四小段,3.33,都市：其他:第三種住宅區。,600000,6033,持分移轉
RPSQMLOLLHGGFCA77EA,榮星段二小段,.27,都市：其他:第三種住宅區。,10000,97,持分移轉
RPSQMLOLLHGGFCA77EA,榮星段二小段,.35,都市：其他:第三之一種住宅區。,10000,97,持分移轉
RPSQMLOLLHGGFCA77EA,榮星段二小段,14.94,都市：其他:第三之一種住宅區及第三種住宅區。,10000,97,持分移轉
RPOPMLQJMHGGFCA37EA,東湖段五小段,21.55,都市：其他:第三種住宅區。,100000,2094,持分移轉
RPPQMLRJMHGGFCA67EA,長春段二小段,.21,都市：其他:第三種住宅區。,10000,1,持分移轉
RPOPMLRJMHGGFCA47EA,榮星段二小段,80.00,都市：其他:第三種住宅區。,10,8,持分移轉
RPVQMLRJMHGGFCA28EA,東湖段一小段,25.55,都市：其他:第三種住宅區。,100000,300,持分移轉
RPOQMLRJMHGGFCA57EA,正義段四小段,5.25,都市：其他:第三種商業區。,1920,240,持分移轉
RPOQMLRJMHGGFCA57EA,正義段四小段,17.62,都市：其他:第三種商業區。,1920,240,持分移轉
RPOQMLRJMHGGFCA57EA,正義段四小段,10.38,都市：其他:第三種商業區。,1920,240,持分移轉
RPOQMLRJMHGGFCA57EA,正義段四小段,5.38,都市：其他:第三種商業區。,1920,240,持分移轉
RPOQMLRJMHGGFCA57EA,正義段四小段,4.38,都市：其他:第三種商業區。,1920,240,持分移轉
RPOQMLRJMHGGFCA57EA,正義段四小段,2.47,都市：其他:第三種商業區。,365040,26520,持分移轉
RPOQMLRJMHGGFCA57EA,正義段四小段,15.76,都市：其他:第三種商業區。,186000,19160,持分移轉
RPSQMLRJMHGGFCA97EA,中山段二小段,5.10,都市：其他:第三種商業區。,20000,325,持分移轉
RPSQMLRJMHGGFCA97EA,中山段二小段,5.10,都市：其他:第三種商業區。,20000,325,持分移轉
RPWQMLRJMHGGFCA38EA,東湖段二小段,12.13,都市：其他:第參種商業區(依都市計畫說明書圖規定辦理，始得作第參種商業區使用)(原屬第壹種商業區)。,100000,765,持分移轉
RPXQMLRJMHGGFCA48EA,康寧段二小段,21.42,都市：其他:第三種住宅區。,100000,263,持分移轉
RPVRMLRJMHGGFCA38EA,文德段二小段,13.21,都市：其他:第二種住宅區。,200000,453,持分移轉
RPVRMLRJMHGGFCA38EA,文德段二小段,13.21,都市：其他:第二種住宅區。,200000,453,持分移轉
RPWRMLRJMHGGFCA48EA,文德段二小段,55.52,都市：其他:第二種住宅區。,100000,952,持分移轉
RPXRMLRJMHGGFCA58EA,文德段二小段,21.17,都市：其他:第二種住宅區。,100000,363,持分移轉
RPPTMLRJMHGGFCA97EA,中山段二小段,18.87,都市：其他:第三種商業區。,10000,1202,持分移轉
RPOSMLRJMHGGFCA77EA,文德段二小段,23.04,都市：其他:第二種住宅區。,100000,395,持分移轉
RPRPMLQJMHGGFDA77EA,虎林段四小段,19.50,都市：其他:第參種商業區(依都市計畫說明書圖規定辦理，始得作第參種商業區使用)(原屬第貳種商業區)。,4,1,持分移轉
RPRPMLQJMHGGFDA77EA,虎林段四小段,2.00,都市：其他:道路用地(公共設施用地)。51/2/2,4,1,持分移轉
RPTPMLSJMHGGFCA08EA,吉林段一小段,8.60,都市：其他:第貳種商業區(依都市計畫說明書圖規定辦理，始得作第貳種商業區使用)(原屬第參種住宅區)及第三種住宅區。,10000,22,持分移轉
RPUNMLQJMHGGFDA87EA,敦化段三小段,25.23,都市：其他:第三之一種住宅區(特)。,1000,83,持分移轉
RPOOMLRJMHGGFFA67EA,金華段三小段,10.08,都市：其他:第參種商業區(依都市計畫說明書圖規定辦理，始得作第參種商業區使用)(原屬第貳種商業區)。,10000,97,持分移轉
RPOOMLRJMHGGFFA67EA,金華段三小段,6.35,都市：其他:第三種住宅區。,10000,97,持分移轉
RPVOMLRJMHGGFFA38EA,龍泉段三小段,18.00,都市：其他:道路用地(公共設施用地)。44/7/5,2,1,持分移轉
RPPOMLRJMHGGFFA77EA,金華段三小段,.21,都市：其他:第參種商業區(依都市計畫說明書圖規定辦理，始得作第參種商業區使用)(原屬第貳種商業區)。,10000,2,持分移轉
RPPOMLRJMHGGFFA77EA,金華段三小段,.13,都市：其他:第三種住宅區。,10000,2,持分移轉
RPWOMLRJMHGGFFA48EA,龍泉段三小段,18.00,都市：其他:道路用地(公共設施用地)。44/7/5,2,1,持分移轉
RPROMLRJMHGGFFA97EA,復興段二小段,7.13,都市：其他:第肆種商業區(依都市計畫說明書圖規定辦理，始得作第肆種商業區使用)(原屬第肆種住宅區及第貳種商業區)。,60000,756,持分移轉
RPQOMLRJMHGGFFA87EA,金華段三小段,9.77,都市：其他:第參種商業區(依都市計畫說明書圖規定辦理，始得作第參種商業區使用)(原屬第貳種商業區)。,10000,94,持分移轉
RPQOMLRJMHGGFFA87EA,金華段三小段,6.16,都市：其他:第三種住宅區。,10000,94,持分移轉
RPSPMLRJMHGGFEA08EA,天母段二小段,23.06,都市：其他:第參種商業區(依都市計畫說明書圖規定辦理，始得作第參種商業區使用)(原屬第參種住宅區)。,10000,366,持分移轉
RPSPMLRJMHGGFEA08EA,天母段二小段,2.31,都市：其他:道路用地(公共設施用地)。74/3/30,10000,366,持分移轉
RPOPMLSJMHGGFEA77EA,關渡段二小段,18.06,都市：其他:道路用地(公共設施用地)。65/3/2,48,3,持分移轉
RPOPMLSJMHGGFEA77EA,關渡段二小段,.78,都市：其他:道路用地(公共設施用地)。65/3/2,40000,531,持分移轉
RPOPMLSJMHGGFEA77EA,關渡段二小段,.06,都市：其他:道路用地(公共設施用地)。65/3/2,48,3,持分移轉
RPVNMLSJMHGGFFA38EA,大安段一小段,.00,都市：其他:第參種商業區(依都市計畫說明書圖規定辦理，始得作第參種商業區使用)(原屬第貳種商業區)。,1000000,1,持分移轉
RPPPMLRJMHGGFFA87EA,懷生段三小段,36.86,都市：其他:第三種住宅區。,7,1,持分移轉
RPOQMLRJMHGGFEA77EA,三玉段五小段,2.88,都市：其他:第三種住宅區。,10000,76,持分移轉
RPUNMLSJMHGGFEA18EA,行義段二小段,41.41,都市：其他:第二種住宅區。,14,1,持分移轉
RPWOMLQJMHGGFEA28EA,文林段五小段,44.00,都市：其他:第三種住宅區。,1000,200,持分移轉
RPSOMLKMLHGGFFA57EA,仁愛段一小段,16.42,都市：其他:敦化南北路特定專用區(A區)(依都市計畫說明書圖規定辦理)(原屬第肆種住宅區及第肆之壹種住宅區)。,10000,117,持分移轉
RPPQMLRJMHGGFDA77EA,雅祥段三小段,133.11,都市：其他:道路用地(公共設施用地)。51/2/2,16879152,1869136,持分移轉
RPPQMLRJMHGGFDA77EA,永吉段三小段,12.58,都市：其他:道路用地(公共設施用地)。51/2/2,9375000,893125,持分移轉
RPPQMLRJMHGGFDA77EA,雅祥段二小段,133.37,都市：其他:道路用地(公共設施用地)。51/2/2,3750000,357250,持分移轉
RPPQMLRJMHGGFDA77EA,雅祥段二小段,3.81,都市：其他:道路用地(公共設施用地)。51/2/2,9375000,893125,持分移轉
RPPQMLRJMHGGFDA77EA,永吉段二小段,57.26,都市：其他:道路用地(公共設施用地)。51/2/2,7500000,714500,持分移轉
RPPQMLRJMHGGFDA77EA,永吉段二小段,49.44,都市：其他:道路用地(公共設施用地)。51/2/2,28125000,2679375,持分移轉
RPVQMLRJMHGGFDA38EA,美仁段二小段,12.87,都市：其他:第參種商業區(依都市計畫說明書圖規定辦理，始得作第參種商業區使用)(原屬第貳種商業區)。,1000000,11877,持分移轉
RPUPMLTJMHGGFDA38EA,民生段,11.98,都市：其他:住宅用地(民生社區特定專用區) 但是否在道路用地(公共設施用地)(應依建築線或俟地籍測量分割後，再確定)。,43740000,380000,持分移轉
RPSNMLSJMHGGFDA87EA,民生段,2.35,都市：其他:第三種商業區(民生社區特定專用區)。,100000,52,持分移轉
RPSOMLQJMHGGFEA87EA,百齡段六小段,12.82,都市：其他:第三種住宅區。,15696,68,持分移轉
RPPNMLRJMHGGFFA67EA,仁愛段三小段,23.31,都市：其他:第四種住宅區。,10000,96,持分移轉
